ITEM_CODE,date,scripts,cost,cost_per_script,DRUG_NAME,FORM/STRENGTH
01418P,2022-07-01,20395,2780672.98,136.34091591076245,TICAGRELOR,Tablet 90 mg
01418P,2022-08-01,20929,2853253.68,136.33014859763963,TICAGRELOR,Tablet 90 mg
01418P,2022-09-01,20121,2743455.33,136.3478619352915,TICAGRELOR,Tablet 90 mg
01418P,2022-10-01,20508,2796175.68,136.34560561732007,TICAGRELOR,Tablet 90 mg
01418P,2022-11-01,20440,2786390.1599999997,136.320457925636,TICAGRELOR,Tablet 90 mg
01418P,2022-12-01,22106,3013382.48,136.3151397810549,TICAGRELOR,Tablet 90 mg
01418P,2023-01-01,18787,2561421.27,136.3400899558205,TICAGRELOR,Tablet 90 mg
01418P,2023-02-01,18599,2535967.13,136.34964944351847,TICAGRELOR,Tablet 90 mg
01418P,2023-03-01,20838,2840786.21,136.3272007870237,TICAGRELOR,Tablet 90 mg
01418P,2023-04-01,19159,2487779.57,129.84913461036587,TICAGRELOR,Tablet 90 mg
01418P,2023-05-01,21044,2732558.9799999995,129.84978996388517,TICAGRELOR,Tablet 90 mg
01418P,2023-06-01,19895,2583556.7,129.85959788891682,TICAGRELOR,Tablet 90 mg
01418P,2023-07-01,20180,2637332.03,130.69038800792862,TICAGRELOR,Tablet 90 mg
01418P,2023-08-01,20885,2729604.4699999997,130.69688628202059,TICAGRELOR,Tablet 90 mg
01418P,2023-09-01,19509,2550298.73,130.72421600287046,TICAGRELOR,Tablet 90 mg
01418P,2023-10-01,19487,2547661.68,130.73647457279213,TICAGRELOR,Tablet 90 mg
01418P,2023-11-01,18322,2395221.82,130.729277371466,TICAGRELOR,Tablet 90 mg
01418P,2023-12-01,18823,2461234.7199999997,130.75677203421344,TICAGRELOR,Tablet 90 mg
01418P,2024-01-01,16024,2095034.65,130.74355029955066,TICAGRELOR,Tablet 90 mg
01418P,2024-02-01,15724,2056204.4500000002,130.76853535995932,TICAGRELOR,Tablet 90 mg
01418P,2024-03-01,15719,2055473.27,130.76361536993448,TICAGRELOR,Tablet 90 mg
01418P,2024-04-01,15633,2043342.4100000001,130.7069922599629,TICAGRELOR,Tablet 90 mg
01418P,2024-05-01,15853,2072432.47,130.72809373620134,TICAGRELOR,Tablet 90 mg
01418P,2024-06-01,14226,1860134.81,130.75599676648392,TICAGRELOR,Tablet 90 mg
01418P,2024-07-01,15176,1991037.7599999998,131.19647865050078,TICAGRELOR,Tablet 90 mg
01418P,2024-08-01,14724,1931162.47,131.15746196685683,TICAGRELOR,Tablet 90 mg
01418P,2024-09-01,13950,1829969.83,131.1806329749104,TICAGRELOR,Tablet 90 mg
01418P,2024-10-01,14539,1906915.78,131.1586615310544,TICAGRELOR,Tablet 90 mg
01418P,2024-11-01,13913,1825109.09,131.18012578164308,TICAGRELOR,Tablet 90 mg
01418P,2024-12-01,14866,1950593.51,131.2117254136957,TICAGRELOR,Tablet 90 mg
01418P,2025-01-01,12906,1693099.47,131.18700371920036,TICAGRELOR,Tablet 90 mg
01418P,2025-02-01,12157,1229180.06,101.1088311261002,TICAGRELOR,Tablet 90 mg
01418P,2025-03-01,13207,1335019.7,101.08425077610357,TICAGRELOR,Tablet 90 mg
01418P,2025-04-01,12603,1274245.71,101.10653891930492,TICAGRELOR,Tablet 90 mg
01418P,2025-05-01,13357,1349735.22,101.0507763719398,TICAGRELOR,Tablet 90 mg
01418P,2025-06-01,12433,1257003.16,101.10216037963484,TICAGRELOR,Tablet 90 mg
01418P,2025-07-01,13241,1342745.9300000002,101.40819651083756,TICAGRELOR,Tablet 90 mg
01418P,2025-08-01,12550,1272728.83,101.41265577689244,TICAGRELOR,Tablet 90 mg
01418P,2025-09-01,12667,1284599.02,101.41304334096472,TICAGRELOR,Tablet 90 mg
01418P,2025-10-01,12879,1306347.79,101.43239304293812,TICAGRELOR,Tablet 90 mg
01418P,2025-11-01,12130,1230134.49,101.41257131079966,TICAGRELOR,Tablet 90 mg
01418P,2025-12-01,13493,1368210.47,101.40150226043133,TICAGRELOR,Tablet 90 mg
01418P,2026-01-01,11248,1140744.62,101.41755156472263,TICAGRELOR,Tablet 90 mg
01418P,2026-02-01,10835,1099122.24,101.44183110290724,TICAGRELOR,Tablet 90 mg
01418P,2026-03-01,11977,1214886.93,101.43499457293144,TICAGRELOR,Tablet 90 mg
01418P,2026-04-01,11446,1159940.0,101.34020618556701,TICAGRELOR,Tablet 90 mg
01418P,2026-05-01,11665,1183001.54,101.41461980282898,TICAGRELOR,Tablet 90 mg
01418P,2026-06-01,11524,1168688.14,101.41341027421034,TICAGRELOR,Tablet 90 mg
02735Y,2022-07-01,206168,19350803.53,93.85939394086377,APIXABAN,Tablet 5 mg
02735Y,2022-08-01,218753,20533392.54,93.86565002537108,APIXABAN,Tablet 5 mg
02735Y,2022-09-01,211853,19887073.07,93.87203896097766,APIXABAN,Tablet 5 mg
02735Y,2022-10-01,216027,20277517.740000002,93.8656637364774,APIXABAN,Tablet 5 mg
02735Y,2022-11-01,221934,20830532.73,93.85913257995621,APIXABAN,Tablet 5 mg
02735Y,2022-12-01,247942,23270224.93,93.85350174637617,APIXABAN,Tablet 5 mg
02735Y,2023-01-01,196941,18485971.19,93.8655292194109,APIXABAN,Tablet 5 mg
02735Y,2023-02-01,201978,18960040.89,93.87181222707424,APIXABAN,Tablet 5 mg
02735Y,2023-03-01,234777,22035789.89,93.85838429658783,APIXABAN,Tablet 5 mg
02735Y,2023-04-01,216932,19466877.79,89.73723466339682,APIXABAN,Tablet 5 mg
02735Y,2023-05-01,242942,21796147.04,89.71749240559475,APIXABAN,Tablet 5 mg
02735Y,2023-06-01,233315,20942809.9,89.76195229625185,APIXABAN,Tablet 5 mg
02735Y,2023-07-01,237094,21483311.11,90.61094380287987,APIXABAN,Tablet 5 mg
02735Y,2023-08-01,248427,22507998.73,90.60206310103169,APIXABAN,Tablet 5 mg
02735Y,2023-09-01,234346,21240098.59,90.63563529994111,APIXABAN,Tablet 5 mg
02735Y,2023-10-01,240910,21835739.75,90.63857768461251,APIXABAN,Tablet 5 mg
02735Y,2023-11-01,240321,21780498.61,90.63085876806437,APIXABAN,Tablet 5 mg
02735Y,2023-12-01,257266,23317725.94,90.63664044218825,APIXABAN,Tablet 5 mg
02735Y,2024-01-01,211116,19138088.700000003,90.65200505883023,APIXABAN,Tablet 5 mg
02735Y,2024-02-01,217220,19689795.009999998,90.64448490010128,APIXABAN,Tablet 5 mg
02735Y,2024-03-01,224806,20374420.15,90.63112261238578,APIXABAN,Tablet 5 mg
02735Y,2024-04-01,230316,20869258.46,90.61141414404558,APIXABAN,Tablet 5 mg
02735Y,2024-05-01,240754,21812056.39,90.59893663241317,APIXABAN,Tablet 5 mg
02735Y,2024-06-01,218476,19798232.87,90.61971507167836,APIXABAN,Tablet 5 mg
02735Y,2024-07-01,245210,22334449.970000003,91.08294918641165,APIXABAN,Tablet 5 mg
02735Y,2024-08-01,229550,15507531.08,67.55622339359617,APIXABAN,Tablet 5 mg
02735Y,2024-09-01,222319,15022204.08,67.57049141099051,APIXABAN,Tablet 5 mg
02735Y,2024-10-01,237951,16078107.26,67.56898378237535,APIXABAN,Tablet 5 mg
02735Y,2024-11-01,228797,15458564.1,67.56454018190797,APIXABAN,Tablet 5 mg
02735Y,2024-12-01,256006,17297223.96,67.56569752271432,APIXABAN,Tablet 5 mg
02735Y,2025-01-01,206941,13985747.870000001,67.58326223416337,APIXABAN,Tablet 5 mg
02735Y,2025-02-01,206829,13976291.47,67.57413839451915,APIXABAN,Tablet 5 mg
02735Y,2025-03-01,226338,15292386.36,67.56437876096811,APIXABAN,Tablet 5 mg
02735Y,2025-04-01,225781,15249777.77,67.54234311124496,APIXABAN,Tablet 5 mg
02735Y,2025-05-01,235680,15915128.940000001,67.52855117107944,APIXABAN,Tablet 5 mg
02735Y,2025-06-01,224423,15160952.21,67.55525151165433,APIXABAN,Tablet 5 mg
02735Y,2025-07-01,241397,16385223.83,67.87666719139011,APIXABAN,Tablet 5 mg
02735Y,2025-08-01,230905,15675857.99,67.88877672635932,APIXABAN,Tablet 5 mg
02735Y,2025-09-01,234515,15920835.08,67.88834437029614,APIXABAN,Tablet 5 mg
02735Y,2025-10-01,245584,16672992.18,67.89119885660304,APIXABAN,Tablet 5 mg
02735Y,2025-11-01,230766,15665829.319999998,67.88621079361776,APIXABAN,Tablet 5 mg
02735Y,2025-12-01,272847,18524785.66,67.89440844136091,APIXABAN,Tablet 5 mg
02735Y,2026-01-01,212516,14430199.43,67.90170824784957,APIXABAN,Tablet 5 mg
02735Y,2026-02-01,216026,14668151.06,67.8999336191014,APIXABAN,Tablet 5 mg
02735Y,2026-03-01,246182,16713176.58,67.88951499297268,APIXABAN,Tablet 5 mg
02735Y,2026-04-01,235030,15951586.89,67.87042883887163,APIXABAN,Tablet 5 mg
02735Y,2026-05-01,242689,16470450.47,67.866489498906,APIXABAN,Tablet 5 mg
02735Y,2026-06-01,245099,16639949.69,67.89072860354388,APIXABAN,Tablet 5 mg
02744K,2022-07-01,86308,8104093.15,93.89735771886731,APIXABAN,Tablet 2.5 mg
02744K,2022-08-01,92670,8701206.77,93.89453728283155,APIXABAN,Tablet 2.5 mg
02744K,2022-09-01,88939,8350949.51,93.89524854113493,APIXABAN,Tablet 2.5 mg
02744K,2022-10-01,89458,8400497.03,93.90436886583647,APIXABAN,Tablet 2.5 mg
02744K,2022-11-01,92294,8664611.7,93.8805523652675,APIXABAN,Tablet 2.5 mg
02744K,2022-12-01,102100,9583950.74,93.8682736532811,APIXABAN,Tablet 2.5 mg
02744K,2023-01-01,79745,7489815.2700000005,93.92206746504483,APIXABAN,Tablet 2.5 mg
02744K,2023-02-01,82160,7715909.45,93.91321141674781,APIXABAN,Tablet 2.5 mg
02744K,2023-03-01,95171,8935849.59,93.89256800916246,APIXABAN,Tablet 2.5 mg
02744K,2023-04-01,85206,7650573.569999999,89.7891412576579,APIXABAN,Tablet 2.5 mg
02744K,2023-05-01,96935,8702120.96,89.77274421003766,APIXABAN,Tablet 2.5 mg
02744K,2023-06-01,92632,8318213.199999999,89.79848432507124,APIXABAN,Tablet 2.5 mg
02744K,2023-07-01,92778,8410152.84,90.648136842786,APIXABAN,Tablet 2.5 mg
02744K,2023-08-01,97964,8879888.6,90.64440610836634,APIXABAN,Tablet 2.5 mg
02744K,2023-09-01,91370,8282619.04,90.64921790522054,APIXABAN,Tablet 2.5 mg
02744K,2023-10-01,94596,8575293.22,90.65175292824222,APIXABAN,Tablet 2.5 mg
02744K,2023-11-01,94445,8561489.41,90.65053110275822,APIXABAN,Tablet 2.5 mg
02744K,2023-12-01,100034,9068634.78,90.65552492152668,APIXABAN,Tablet 2.5 mg
02744K,2024-01-01,81959,7433139.45,90.69338876755451,APIXABAN,Tablet 2.5 mg
02744K,2024-02-01,84191,7634168.710000001,90.676779109406,APIXABAN,Tablet 2.5 mg
02744K,2024-03-01,86277,7823169.649999999,90.6750310047869,APIXABAN,Tablet 2.5 mg
02744K,2024-04-01,88255,8001064.779999999,90.65848711121183,APIXABAN,Tablet 2.5 mg
02744K,2024-05-01,92707,8403036.28,90.64079605639272,APIXABAN,Tablet 2.5 mg
02744K,2024-06-01,83554,7574430.7,90.65311894104411,APIXABAN,Tablet 2.5 mg
02744K,2024-07-01,95177,8672512.54,91.11983504418083,APIXABAN,Tablet 2.5 mg
02744K,2024-08-01,87061,6013120.28,69.06789814038433,APIXABAN,Tablet 2.5 mg
02744K,2024-09-01,84195,5815309.71,69.06953750222698,APIXABAN,Tablet 2.5 mg
02744K,2024-10-01,91040,6287421.3100000005,69.06218486379613,APIXABAN,Tablet 2.5 mg
02744K,2024-11-01,86491,5973620.41,69.06638158883584,APIXABAN,Tablet 2.5 mg
02744K,2024-12-01,97593,6739304.62,69.05520498396402,APIXABAN,Tablet 2.5 mg
02744K,2025-01-01,78762,5441289.01,69.08520619080267,APIXABAN,Tablet 2.5 mg
02744K,2025-02-01,78588,5429475.03,69.08783821957552,APIXABAN,Tablet 2.5 mg
02744K,2025-03-01,85010,5872118.13,69.07561616280438,APIXABAN,Tablet 2.5 mg
02744K,2025-04-01,84566,5840317.0200000005,69.06223565026134,APIXABAN,Tablet 2.5 mg
02744K,2025-05-01,89080,6150402.92,69.04358913336327,APIXABAN,Tablet 2.5 mg
02744K,2025-06-01,84738,5851322.8,69.05193419717246,APIXABAN,Tablet 2.5 mg
02744K,2025-07-01,90674,6291650.46,69.38759137128615,APIXABAN,Tablet 2.5 mg
02744K,2025-08-01,86395,5994550.2,69.38538341339198,APIXABAN,Tablet 2.5 mg
02744K,2025-09-01,87904,6100144.63,69.39552955496906,APIXABAN,Tablet 2.5 mg
02744K,2025-10-01,91683,6362177.74,69.39321073699595,APIXABAN,Tablet 2.5 mg
02744K,2025-11-01,85606,5940467.48,69.39312057566059,APIXABAN,Tablet 2.5 mg
02744K,2025-12-01,102324,7100892.87,69.39616189750205,APIXABAN,Tablet 2.5 mg
02744K,2026-01-01,78622,5457370.73,69.41276907226985,APIXABAN,Tablet 2.5 mg
02744K,2026-02-01,80973,5619603.48,69.40095439220481,APIXABAN,Tablet 2.5 mg
02744K,2026-03-01,92020,6385970.59,69.39763736144316,APIXABAN,Tablet 2.5 mg
02744K,2026-04-01,86883,6029385.859999999,69.39661222563677,APIXABAN,Tablet 2.5 mg
02744K,2026-05-01,90236,6261141.19,69.38628917505208,APIXABAN,Tablet 2.5 mg
02744K,2026-06-01,91313,6336132.69,69.38916353640775,APIXABAN,Tablet 2.5 mg
02753X,2022-07-01,24250,1979405.3800000001,81.62496412371135,DABIGATRAN,Capsule 110 mg (as mesilate)
02753X,2022-08-01,25565,2086933.27,81.63243770780363,DABIGATRAN,Capsule 110 mg (as mesilate)
02753X,2022-09-01,24574,2005998.6,81.6309351346952,DABIGATRAN,Capsule 110 mg (as mesilate)
02753X,2022-10-01,24674,2013795.9100000001,81.61611048066791,DABIGATRAN,Capsule 110 mg (as mesilate)
02753X,2022-11-01,25087,2047574.2100000002,81.61893450791247,DABIGATRAN,Capsule 110 mg (as mesilate)
02753X,2022-12-01,27899,2276796.36,81.6085293379691,DABIGATRAN,Capsule 110 mg (as mesilate)
02753X,2023-01-01,20755,1694138.02,81.6255369790412,DABIGATRAN,Capsule 110 mg (as mesilate)
02753X,2023-02-01,21502,1755707.75,81.65322993209934,DABIGATRAN,Capsule 110 mg (as mesilate)
02753X,2023-03-01,24455,1996362.75,81.63413412390105,DABIGATRAN,Capsule 110 mg (as mesilate)
02753X,2023-04-01,22267,1817279.8900000001,81.61314456370414,DABIGATRAN,Capsule 110 mg (as mesilate)
02753X,2023-05-01,24571,2004261.6600000001,81.57021122461438,DABIGATRAN,Capsule 110 mg (as mesilate)
02753X,2023-06-01,23427,1911769.4000000001,81.60538694668546,DABIGATRAN,Capsule 110 mg (as mesilate)
02753X,2023-07-01,23099,1904470.92,82.44819775747868,DABIGATRAN,Capsule 110 mg (as mesilate)
02753X,2023-08-01,24053,1984032.9400000002,82.48588284205714,DABIGATRAN,Capsule 110 mg (as mesilate)
02753X,2023-09-01,22371,1845174.8800000001,82.48066157078361,DABIGATRAN,Capsule 110 mg (as mesilate)
02753X,2023-10-01,22736,1875149.16,82.4748926812104,DABIGATRAN,Capsule 110 mg (as mesilate)
02753X,2023-11-01,23420,1931313.73,82.46429248505551,DABIGATRAN,Capsule 110 mg (as mesilate)
02753X,2023-12-01,23227,1228638.88,52.897011236922545,DABIGATRAN,Capsule 110 mg (as mesilate)
02753X,2024-01-01,18512,979170.12,52.89380509939499,DABIGATRAN,Capsule 110 mg (as mesilate)
02753X,2024-02-01,18868,998149.4400000001,52.90170871316515,DABIGATRAN,Capsule 110 mg (as mesilate)
02753X,2024-03-01,19432,1027846.1799999999,52.894513174145736,DABIGATRAN,Capsule 110 mg (as mesilate)
02753X,2024-04-01,19648,1038578.42,52.85924368892508,DABIGATRAN,Capsule 110 mg (as mesilate)
02753X,2024-05-01,20238,1069756.82,52.858821029746025,DABIGATRAN,Capsule 110 mg (as mesilate)
02753X,2024-06-01,18106,956942.0800000001,52.85220810780957,DABIGATRAN,Capsule 110 mg (as mesilate)
02753X,2024-07-01,19285,1028711.4,53.342566761731916,DABIGATRAN,Capsule 110 mg (as mesilate)
02753X,2024-08-01,18660,995424.7000000001,53.345375133976425,DABIGATRAN,Capsule 110 mg (as mesilate)
02753X,2024-09-01,17544,936077.71,53.35600262197902,DABIGATRAN,Capsule 110 mg (as mesilate)
02753X,2024-10-01,18684,996801.28,53.350528794690646,DABIGATRAN,Capsule 110 mg (as mesilate)
02753X,2024-11-01,17556,936712.33,53.35568067897015,DABIGATRAN,Capsule 110 mg (as mesilate)
02753X,2024-12-01,19452,1037707.77,53.34709901295497,DABIGATRAN,Capsule 110 mg (as mesilate)
02753X,2025-01-01,15121,807006.1100000001,53.36989021890087,DABIGATRAN,Capsule 110 mg (as mesilate)
02753X,2025-02-01,15074,804445.87,53.366450179116356,DABIGATRAN,Capsule 110 mg (as mesilate)
02753X,2025-03-01,16249,867146.62,53.3661529940304,DABIGATRAN,Capsule 110 mg (as mesilate)
02753X,2025-04-01,15976,784635.3999999999,49.11338257386078,DABIGATRAN,Capsule 110 mg (as mesilate)
02753X,2025-05-01,16515,810277.32,49.06311353315168,DABIGATRAN,Capsule 110 mg (as mesilate)
02753X,2025-06-01,15502,761027.93,49.092241646239195,DABIGATRAN,Capsule 110 mg (as mesilate)
02753X,2025-07-01,16488,814819.4400000001,49.41893740902475,DABIGATRAN,Capsule 110 mg (as mesilate)
02753X,2025-08-01,15320,757284.5599999999,49.43110704960835,DABIGATRAN,Capsule 110 mg (as mesilate)
02753X,2025-09-01,15444,763514.74,49.437628852628855,DABIGATRAN,Capsule 110 mg (as mesilate)
02753X,2025-10-01,15897,785826.79,49.4323954205196,DABIGATRAN,Capsule 110 mg (as mesilate)
02753X,2025-11-01,14567,719854.56,49.41680236150203,DABIGATRAN,Capsule 110 mg (as mesilate)
02753X,2025-12-01,17302,855216.88,49.42878742341926,DABIGATRAN,Capsule 110 mg (as mesilate)
02753X,2026-01-01,12616,623858.0499999999,49.4497503170577,DABIGATRAN,Capsule 110 mg (as mesilate)
02753X,2026-02-01,12906,638097.48,49.441924686192465,DABIGATRAN,Capsule 110 mg (as mesilate)
02753X,2026-03-01,14651,724367.0099999999,49.441472254453615,DABIGATRAN,Capsule 110 mg (as mesilate)
02753X,2026-04-01,13555,586109.3200000001,43.23934489118407,DABIGATRAN,Capsule 110 mg (as mesilate)
02753X,2026-05-01,13696,592180.4400000001,43.237473714953275,DABIGATRAN,Capsule 110 mg (as mesilate)
02753X,2026-06-01,13826,597643.46,43.226056704759145,DABIGATRAN,Capsule 110 mg (as mesilate)
02769R,2022-07-01,16754,1367336.76,81.61255580756834,DABIGATRAN,Capsule 150 mg (as mesilate)
02769R,2022-08-01,17462,1424404.05,81.57164414156455,DABIGATRAN,Capsule 150 mg (as mesilate)
02769R,2022-09-01,16380,1337435.05,81.65049145299146,DABIGATRAN,Capsule 150 mg (as mesilate)
02769R,2022-10-01,16593,1354637.88,81.63911770023503,DABIGATRAN,Capsule 150 mg (as mesilate)
02769R,2022-11-01,16775,1369225.34,81.62297108792848,DABIGATRAN,Capsule 150 mg (as mesilate)
02769R,2022-12-01,18759,1530852.99,81.60632176555254,DABIGATRAN,Capsule 150 mg (as mesilate)
02769R,2023-01-01,14215,1160395.48,81.63176081603939,DABIGATRAN,Capsule 150 mg (as mesilate)
02769R,2023-02-01,14744,1203361.81,81.61705168204016,DABIGATRAN,Capsule 150 mg (as mesilate)
02769R,2023-03-01,16650,1358929.6500000001,81.6173963963964,DABIGATRAN,Capsule 150 mg (as mesilate)
02769R,2023-04-01,15579,1270654.74,81.56202195262854,DABIGATRAN,Capsule 150 mg (as mesilate)
02769R,2023-05-01,17031,1388123.57,81.50569960659973,DABIGATRAN,Capsule 150 mg (as mesilate)
02769R,2023-06-01,16141,1316823.07,81.58249612787313,DABIGATRAN,Capsule 150 mg (as mesilate)
02769R,2023-07-01,15836,1305619.01,82.44626231371558,DABIGATRAN,Capsule 150 mg (as mesilate)
02769R,2023-08-01,16389,1351595.81,82.46969369699188,DABIGATRAN,Capsule 150 mg (as mesilate)
02769R,2023-09-01,15443,1273555.02,82.46810982322087,DABIGATRAN,Capsule 150 mg (as mesilate)
02769R,2023-10-01,15466,1275555.97,82.47484611405663,DABIGATRAN,Capsule 150 mg (as mesilate)
02769R,2023-11-01,15597,1286301.23,82.47106687183432,DABIGATRAN,Capsule 150 mg (as mesilate)
02769R,2023-12-01,15789,830174.15,52.57927354487301,DABIGATRAN,Capsule 150 mg (as mesilate)
02769R,2024-01-01,12516,658358.49,52.601349472674976,DABIGATRAN,Capsule 150 mg (as mesilate)
02769R,2024-02-01,12802,673489.38,52.60813779097016,DABIGATRAN,Capsule 150 mg (as mesilate)
02769R,2024-03-01,13350,701710.72,52.56260074906367,DABIGATRAN,Capsule 150 mg (as mesilate)
02769R,2024-04-01,13408,704169.86,52.51863514319809,DABIGATRAN,Capsule 150 mg (as mesilate)
02769R,2024-05-01,13552,712097.08,52.545534238488784,DABIGATRAN,Capsule 150 mg (as mesilate)
02769R,2024-06-01,12042,633071.0499999999,52.57191911642584,DABIGATRAN,Capsule 150 mg (as mesilate)
02769R,2024-07-01,13014,690081.51,53.02608805901337,DABIGATRAN,Capsule 150 mg (as mesilate)
02769R,2024-08-01,12498,662936.11,53.04337574011842,DABIGATRAN,Capsule 150 mg (as mesilate)
02769R,2024-09-01,11739,622910.84,53.06336485220206,DABIGATRAN,Capsule 150 mg (as mesilate)
02769R,2024-10-01,12295,652279.0599999999,53.05238389589263,DABIGATRAN,Capsule 150 mg (as mesilate)
02769R,2024-11-01,11690,620320.41,53.064192472198464,DABIGATRAN,Capsule 150 mg (as mesilate)
02769R,2024-12-01,12824,680145.47,53.03692061759201,DABIGATRAN,Capsule 150 mg (as mesilate)
02769R,2025-01-01,10052,533352.51,53.059342419419025,DABIGATRAN,Capsule 150 mg (as mesilate)
02769R,2025-02-01,9990,529899.85,53.043028028028026,DABIGATRAN,Capsule 150 mg (as mesilate)
02769R,2025-03-01,10947,580533.78,53.03131268840779,DABIGATRAN,Capsule 150 mg (as mesilate)
02769R,2025-04-01,10583,516671.56,48.82089766606822,DABIGATRAN,Capsule 150 mg (as mesilate)
02769R,2025-05-01,10874,530392.95,48.77625068971859,DABIGATRAN,Capsule 150 mg (as mesilate)
02769R,2025-06-01,10299,502543.76,48.79539372754636,DABIGATRAN,Capsule 150 mg (as mesilate)
02769R,2025-07-01,10824,531907.98,49.1415354767184,DABIGATRAN,Capsule 150 mg (as mesilate)
02769R,2025-08-01,10154,498803.98000000004,49.12389009257436,DABIGATRAN,Capsule 150 mg (as mesilate)
02769R,2025-09-01,10136,498176.13,49.14918409629045,DABIGATRAN,Capsule 150 mg (as mesilate)
02769R,2025-10-01,10415,511920.61,49.15224291886702,DABIGATRAN,Capsule 150 mg (as mesilate)
02769R,2025-11-01,9492,466910.48,49.189894648124735,DABIGATRAN,Capsule 150 mg (as mesilate)
02769R,2025-12-01,11139,547460.71,49.14810216356944,DABIGATRAN,Capsule 150 mg (as mesilate)
02769R,2026-01-01,8488,417174.42,49.148729971724784,DABIGATRAN,Capsule 150 mg (as mesilate)
02769R,2026-02-01,8357,411098.67,49.19213473734594,DABIGATRAN,Capsule 150 mg (as mesilate)
02769R,2026-03-01,9650,474184.88,49.13832953367876,DABIGATRAN,Capsule 150 mg (as mesilate)
02769R,2026-04-01,8922,383366.11,42.9686292311141,DABIGATRAN,Capsule 150 mg (as mesilate)
02769R,2026-05-01,8999,386612.02,42.961664629403266,DABIGATRAN,Capsule 150 mg (as mesilate)
02769R,2026-06-01,8922,383481.33999999997,42.981544496749606,DABIGATRAN,Capsule 150 mg (as mesilate)
05061J,2022-07-01,3007,280614.84,93.32053209178584,APIXABAN,Tablet 2.5 mg
05061J,2022-08-01,3203,298966.52999999997,93.33953481111458,APIXABAN,Tablet 2.5 mg
05061J,2022-09-01,3049,284433.49,93.28746802230239,APIXABAN,Tablet 2.5 mg
05061J,2022-10-01,3160,294988.41000000003,93.35076265822786,APIXABAN,Tablet 2.5 mg
05061J,2022-11-01,3255,304116.12,93.43045161290323,APIXABAN,Tablet 2.5 mg
05061J,2022-12-01,3535,330621.22,93.52792644978783,APIXABAN,Tablet 2.5 mg
05061J,2023-01-01,3068,287052.76,93.56348109517602,APIXABAN,Tablet 2.5 mg
05061J,2023-02-01,3198,298200.58,93.24595997498437,APIXABAN,Tablet 2.5 mg
05061J,2023-03-01,3807,355711.27,93.43610979774101,APIXABAN,Tablet 2.5 mg
05061J,2023-04-01,3209,287131.60000000003,89.47697101900904,APIXABAN,Tablet 2.5 mg
05061J,2023-05-01,4044,361524.93,89.39785608308605,APIXABAN,Tablet 2.5 mg
05061J,2023-06-01,3849,344284.21,89.44770329955833,APIXABAN,Tablet 2.5 mg
05061J,2023-07-01,3798,343083.85000000003,90.33276724591892,APIXABAN,Tablet 2.5 mg
05061J,2023-08-01,4337,391197.7,90.20006917223888,APIXABAN,Tablet 2.5 mg
05061J,2023-09-01,4044,365249.21,90.31879574678537,APIXABAN,Tablet 2.5 mg
05061J,2023-10-01,4184,377648.88,90.26024856596558,APIXABAN,Tablet 2.5 mg
05061J,2023-11-01,4483,404193.21,90.16132277492751,APIXABAN,Tablet 2.5 mg
05061J,2023-12-01,4671,421792.85000000003,90.3003318347249,APIXABAN,Tablet 2.5 mg
05061J,2024-01-01,4456,403041.98,90.44927737881508,APIXABAN,Tablet 2.5 mg
05061J,2024-02-01,4760,429719.42,90.27718907563025,APIXABAN,Tablet 2.5 mg
05061J,2024-03-01,4821,435901.96,90.41733250362995,APIXABAN,Tablet 2.5 mg
05061J,2024-04-01,4988,450173.72,90.25134723336006,APIXABAN,Tablet 2.5 mg
05061J,2024-05-01,5531,499310.31,90.2748707286205,APIXABAN,Tablet 2.5 mg
05061J,2024-06-01,4958,448151.9,90.38965308592175,APIXABAN,Tablet 2.5 mg
05061J,2024-07-01,5811,528615.72,90.96811564274651,APIXABAN,Tablet 2.5 mg
05061J,2024-08-01,5534,380897.74,68.8286483556198,APIXABAN,Tablet 2.5 mg
05061J,2024-09-01,5592,384740.41000000003,68.80193311874106,APIXABAN,Tablet 2.5 mg
05061J,2024-10-01,6310,434330.41,68.83207765451664,APIXABAN,Tablet 2.5 mg
05061J,2024-11-01,5822,400414.99,68.77619203023016,APIXABAN,Tablet 2.5 mg
05061J,2024-12-01,6307,434581.20999999996,68.90458379578246,APIXABAN,Tablet 2.5 mg
05061J,2025-01-01,5585,384944.57,68.92472157564906,APIXABAN,Tablet 2.5 mg
05061J,2025-02-01,5488,377500.96,68.78661807580175,APIXABAN,Tablet 2.5 mg
05061J,2025-03-01,5803,398869.68,68.73508185421333,APIXABAN,Tablet 2.5 mg
05061J,2025-04-01,5737,394751.6099999999,68.80801987101272,APIXABAN,Tablet 2.5 mg
05061J,2025-05-01,6159,423770.7,68.8051144666342,APIXABAN,Tablet 2.5 mg
05061J,2025-06-01,5985,412277.57999999996,68.88514285714285,APIXABAN,Tablet 2.5 mg
05061J,2025-07-01,6585,455110.03,69.1131404707669,APIXABAN,Tablet 2.5 mg
05061J,2025-08-01,6139,423812.92000000004,69.03614920996905,APIXABAN,Tablet 2.5 mg
05061J,2025-09-01,6578,454186.34,69.0462663423533,APIXABAN,Tablet 2.5 mg
05061J,2025-10-01,6644,458349.58999999997,68.98699428055387,APIXABAN,Tablet 2.5 mg
05061J,2025-11-01,6159,425129.51999999996,69.0257379444715,APIXABAN,Tablet 2.5 mg
05061J,2025-12-01,7285,503606.13,69.12918737131092,APIXABAN,Tablet 2.5 mg
05061J,2026-01-01,5934,409968.75,69.08809403437816,APIXABAN,Tablet 2.5 mg
05061J,2026-02-01,6099,420425.3,68.93348089850795,APIXABAN,Tablet 2.5 mg
05061J,2026-03-01,6812,470223.63,69.0287184380505,APIXABAN,Tablet 2.5 mg
05061J,2026-04-01,6518,449904.43999999994,69.0249217551396,APIXABAN,Tablet 2.5 mg
05061J,2026-05-01,6606,454992.52,68.87564638207691,APIXABAN,Tablet 2.5 mg
05061J,2026-06-01,6623,456822.73,68.97519704061604,APIXABAN,Tablet 2.5 mg
05295Q,2022-07-01,1818,65180.7,35.8529702970297,PALONOSETRON,Injection 250 micrograms (as hydrochloride) in 5 mL
05295Q,2022-08-01,2035,72952.27,35.84878132678133,PALONOSETRON,Injection 250 micrograms (as hydrochloride) in 5 mL
05295Q,2022-09-01,1934,69338.14,35.85219234746639,PALONOSETRON,Injection 250 micrograms (as hydrochloride) in 5 mL
05295Q,2022-10-01,1826,65467.420000000006,35.8529134720701,PALONOSETRON,Injection 250 micrograms (as hydrochloride) in 5 mL
05295Q,2022-11-01,1811,64920.649999999994,35.84795692987299,PALONOSETRON,Injection 250 micrograms (as hydrochloride) in 5 mL
05295Q,2022-12-01,1810,64886.12,35.84868508287293,PALONOSETRON,Injection 250 micrograms (as hydrochloride) in 5 mL
05295Q,2023-01-01,3295,118090.92,35.83942943854325,PALONOSETRON,Injection 250 micrograms (as hydrochloride) in 5 mL
05295Q,2023-02-01,3053,109417.17,35.83923026531281,PALONOSETRON,Injection 250 micrograms (as hydrochloride) in 5 mL
05295Q,2023-03-01,3531,126551.04000000001,35.84,PALONOSETRON,Injection 250 micrograms (as hydrochloride) in 5 mL
05295Q,2023-04-01,2992,107233.28,35.839999999999996,PALONOSETRON,Injection 250 micrograms (as hydrochloride) in 5 mL
05295Q,2023-05-01,3892,139489.28,35.839999999999996,PALONOSETRON,Injection 250 micrograms (as hydrochloride) in 5 mL
05295Q,2023-06-01,3449,123612.16,35.84,PALONOSETRON,Injection 250 micrograms (as hydrochloride) in 5 mL
05295Q,2023-07-01,3352,122984.87999999999,36.69,PALONOSETRON,Injection 250 micrograms (as hydrochloride) in 5 mL
05295Q,2023-08-01,3740,137220.6,36.690000000000005,PALONOSETRON,Injection 250 micrograms (as hydrochloride) in 5 mL
05295Q,2023-09-01,3361,123315.09,36.69,PALONOSETRON,Injection 250 micrograms (as hydrochloride) in 5 mL
05295Q,2023-10-01,3564,130763.16,36.69,PALONOSETRON,Injection 250 micrograms (as hydrochloride) in 5 mL
05295Q,2023-11-01,3641,133588.29,36.690000000000005,PALONOSETRON,Injection 250 micrograms (as hydrochloride) in 5 mL
05295Q,2023-12-01,3152,115646.88,36.690000000000005,PALONOSETRON,Injection 250 micrograms (as hydrochloride) in 5 mL
05295Q,2024-01-01,3622,132891.18,36.69,PALONOSETRON,Injection 250 micrograms (as hydrochloride) in 5 mL
05295Q,2024-02-01,3303,121187.07,36.690000000000005,PALONOSETRON,Injection 250 micrograms (as hydrochloride) in 5 mL
05295Q,2024-03-01,3363,123416.79000000001,36.69842105263158,PALONOSETRON,Injection 250 micrograms (as hydrochloride) in 5 mL
05295Q,2024-04-01,1943,45986.950000000004,23.66801338136902,PALONOSETRON,Injection 250 micrograms (as hydrochloride) in 5 mL
05295Q,2024-05-01,1948,46103.8,23.667248459958934,PALONOSETRON,Injection 250 micrograms (as hydrochloride) in 5 mL
05295Q,2024-06-01,1697,40166.25,23.668974661166764,PALONOSETRON,Injection 250 micrograms (as hydrochloride) in 5 mL
05295Q,2024-07-01,1938,46778.21,24.13736326109391,PALONOSETRON,Injection 250 micrograms (as hydrochloride) in 5 mL
05295Q,2024-08-01,1857,44821.04,24.136262789445343,PALONOSETRON,Injection 250 micrograms (as hydrochloride) in 5 mL
05295Q,2024-09-01,1768,42674.61,24.137222850678732,PALONOSETRON,Injection 250 micrograms (as hydrochloride) in 5 mL
05295Q,2024-10-01,1870,45136.3,24.137058823529415,PALONOSETRON,Injection 250 micrograms (as hydrochloride) in 5 mL
05295Q,2024-11-01,1787,43131.44,24.13622831561276,PALONOSETRON,Injection 250 micrograms (as hydrochloride) in 5 mL
05295Q,2024-12-01,1772,42772.54,24.138002257336343,PALONOSETRON,Injection 250 micrograms (as hydrochloride) in 5 mL
05295Q,2025-01-01,1742,42041.69,24.13415040183697,PALONOSETRON,Injection 250 micrograms (as hydrochloride) in 5 mL
05295Q,2025-02-01,1653,39892.11,24.133157894736843,PALONOSETRON,Injection 250 micrograms (as hydrochloride) in 5 mL
05295Q,2025-03-01,1741,42021.92,24.136657093624354,PALONOSETRON,Injection 250 micrograms (as hydrochloride) in 5 mL
05295Q,2025-04-01,1641,39602.670000000006,24.133254113345526,PALONOSETRON,Injection 250 micrograms (as hydrochloride) in 5 mL
05295Q,2025-05-01,1808,43633.61,24.133633849557523,PALONOSETRON,Injection 250 micrograms (as hydrochloride) in 5 mL
05295Q,2025-06-01,1708,41217.26,24.13188524590164,PALONOSETRON,Injection 250 micrograms (as hydrochloride) in 5 mL
05295Q,2025-07-01,1906,46626.86000000001,24.46320041972718,PALONOSETRON,Injection 250 micrograms (as hydrochloride) in 5 mL
05295Q,2025-08-01,1732,42368.12,24.46196304849885,PALONOSETRON,Injection 250 micrograms (as hydrochloride) in 5 mL
05295Q,2025-09-01,1815,44395.99,24.460600550964188,PALONOSETRON,Injection 250 micrograms (as hydrochloride) in 5 mL
05295Q,2025-10-01,1897,46415.69,24.467944122298366,PALONOSETRON,Injection 250 micrograms (as hydrochloride) in 5 mL
05295Q,2025-11-01,1645,40248.369999999995,24.467094224924008,PALONOSETRON,Injection 250 micrograms (as hydrochloride) in 5 mL
05295Q,2025-12-01,1798,43992.18,24.467285873192438,PALONOSETRON,Injection 250 micrograms (as hydrochloride) in 5 mL
05295Q,2026-01-01,1624,39721.1,24.458805418719212,PALONOSETRON,Injection 250 micrograms (as hydrochloride) in 5 mL
05295Q,2026-02-01,1606,39278.25000000001,24.457191780821923,PALONOSETRON,Injection 250 micrograms (as hydrochloride) in 5 mL
05295Q,2026-03-01,1730,42305.100000000006,24.453815028901737,PALONOSETRON,Injection 250 micrograms (as hydrochloride) in 5 mL
05295Q,2026-04-01,1660,40595.799999999996,24.455301204819275,PALONOSETRON,Injection 250 micrograms (as hydrochloride) in 5 mL
05295Q,2026-05-01,1779,43504.8,24.454637436762226,PALONOSETRON,Injection 250 micrograms (as hydrochloride) in 5 mL
05295Q,2026-06-01,1831,44777.299999999996,24.455106499180772,PALONOSETRON,Injection 250 micrograms (as hydrochloride) in 5 mL
08639Q,2022-07-01,2697,226049.06,83.81500185391175,ENOXAPARIN SODIUM,"Injection containing enoxaparin sodium 40 mg (4,000 I.U. anti-Xa) in 0.4 mL pre-filled syringe"
08639Q,2022-08-01,2744,230624.93000000002,84.0469861516035,ENOXAPARIN SODIUM,"Injection containing enoxaparin sodium 40 mg (4,000 I.U. anti-Xa) in 0.4 mL pre-filled syringe"
08639Q,2022-09-01,2641,221899.43,84.02098826202196,ENOXAPARIN SODIUM,"Injection containing enoxaparin sodium 40 mg (4,000 I.U. anti-Xa) in 0.4 mL pre-filled syringe"
08639Q,2022-10-01,2799,231915.55,82.8565737763487,ENOXAPARIN SODIUM,"Injection containing enoxaparin sodium 40 mg (4,000 I.U. anti-Xa) in 0.4 mL pre-filled syringe"
08639Q,2022-11-01,2854,233607.29,81.85258934828312,ENOXAPARIN SODIUM,"Injection containing enoxaparin sodium 40 mg (4,000 I.U. anti-Xa) in 0.4 mL pre-filled syringe"
08639Q,2022-12-01,2931,243193.3,82.97280791538724,ENOXAPARIN SODIUM,"Injection containing enoxaparin sodium 40 mg (4,000 I.U. anti-Xa) in 0.4 mL pre-filled syringe"
08639Q,2023-01-01,2852,232119.52,81.38833099579243,ENOXAPARIN SODIUM,"Injection containing enoxaparin sodium 40 mg (4,000 I.U. anti-Xa) in 0.4 mL pre-filled syringe"
08639Q,2023-02-01,3050,245045.53000000003,80.34279672131149,ENOXAPARIN SODIUM,"Injection containing enoxaparin sodium 40 mg (4,000 I.U. anti-Xa) in 0.4 mL pre-filled syringe"
08639Q,2023-03-01,3308,266380.3,80.52608827085852,ENOXAPARIN SODIUM,"Injection containing enoxaparin sodium 40 mg (4,000 I.U. anti-Xa) in 0.4 mL pre-filled syringe"
08639Q,2023-04-01,2950,239595.5,81.21881355932203,ENOXAPARIN SODIUM,"Injection containing enoxaparin sodium 40 mg (4,000 I.U. anti-Xa) in 0.4 mL pre-filled syringe"
08639Q,2023-05-01,3463,277845.82999999996,80.23269708345364,ENOXAPARIN SODIUM,"Injection containing enoxaparin sodium 40 mg (4,000 I.U. anti-Xa) in 0.4 mL pre-filled syringe"
08639Q,2023-06-01,3117,256581.77,82.31689765800449,ENOXAPARIN SODIUM,"Injection containing enoxaparin sodium 40 mg (4,000 I.U. anti-Xa) in 0.4 mL pre-filled syringe"
08639Q,2023-07-01,3300,272538.71,82.58748787878788,ENOXAPARIN SODIUM,"Injection containing enoxaparin sodium 40 mg (4,000 I.U. anti-Xa) in 0.4 mL pre-filled syringe"
08639Q,2023-08-01,3322,271155.23,81.62409090909091,ENOXAPARIN SODIUM,"Injection containing enoxaparin sodium 40 mg (4,000 I.U. anti-Xa) in 0.4 mL pre-filled syringe"
08639Q,2023-09-01,3092,256368.08000000002,82.91335058214749,ENOXAPARIN SODIUM,"Injection containing enoxaparin sodium 40 mg (4,000 I.U. anti-Xa) in 0.4 mL pre-filled syringe"
08639Q,2023-10-01,3257,267531.31,82.14040835124348,ENOXAPARIN SODIUM,"Injection containing enoxaparin sodium 40 mg (4,000 I.U. anti-Xa) in 0.4 mL pre-filled syringe"
08639Q,2023-11-01,2959,242368.07,81.90877661372086,ENOXAPARIN SODIUM,"Injection containing enoxaparin sodium 40 mg (4,000 I.U. anti-Xa) in 0.4 mL pre-filled syringe"
08639Q,2023-12-01,2951,249611.19,84.58528973229414,ENOXAPARIN SODIUM,"Injection containing enoxaparin sodium 40 mg (4,000 I.U. anti-Xa) in 0.4 mL pre-filled syringe"
08639Q,2024-01-01,2609,221959.11000000002,85.07440015331545,ENOXAPARIN SODIUM,"Injection containing enoxaparin sodium 40 mg (4,000 I.U. anti-Xa) in 0.4 mL pre-filled syringe"
08639Q,2024-02-01,2641,222435.44,84.22394547519879,ENOXAPARIN SODIUM,"Injection containing enoxaparin sodium 40 mg (4,000 I.U. anti-Xa) in 0.4 mL pre-filled syringe"
08639Q,2024-03-01,2858,238104.32,83.31151854443667,ENOXAPARIN SODIUM,"Injection containing enoxaparin sodium 40 mg (4,000 I.U. anti-Xa) in 0.4 mL pre-filled syringe"
08639Q,2024-04-01,3037,252606.12,83.17620019756339,ENOXAPARIN SODIUM,"Injection containing enoxaparin sodium 40 mg (4,000 I.U. anti-Xa) in 0.4 mL pre-filled syringe"
08639Q,2024-05-01,3047,253864.25,83.31613062028225,ENOXAPARIN SODIUM,"Injection containing enoxaparin sodium 40 mg (4,000 I.U. anti-Xa) in 0.4 mL pre-filled syringe"
08639Q,2024-06-01,2867,236011.92,82.32016742239274,ENOXAPARIN SODIUM,"Injection containing enoxaparin sodium 40 mg (4,000 I.U. anti-Xa) in 0.4 mL pre-filled syringe"
08639Q,2024-07-01,2938,242871.58,82.66561606535058,ENOXAPARIN SODIUM,"Injection containing enoxaparin sodium 40 mg (4,000 I.U. anti-Xa) in 0.4 mL pre-filled syringe"
08639Q,2024-08-01,3057,256191.46000000002,83.80486097481192,ENOXAPARIN SODIUM,"Injection containing enoxaparin sodium 40 mg (4,000 I.U. anti-Xa) in 0.4 mL pre-filled syringe"
08639Q,2024-09-01,2756,231402.15,83.9630442670537,ENOXAPARIN SODIUM,"Injection containing enoxaparin sodium 40 mg (4,000 I.U. anti-Xa) in 0.4 mL pre-filled syringe"
08639Q,2024-10-01,3115,258795.16,83.08030818619582,ENOXAPARIN SODIUM,"Injection containing enoxaparin sodium 40 mg (4,000 I.U. anti-Xa) in 0.4 mL pre-filled syringe"
08639Q,2024-11-01,3093,258539.25,83.58850630455868,ENOXAPARIN SODIUM,"Injection containing enoxaparin sodium 40 mg (4,000 I.U. anti-Xa) in 0.4 mL pre-filled syringe"
08639Q,2024-12-01,2913,248691.66999999998,85.3730415379334,ENOXAPARIN SODIUM,"Injection containing enoxaparin sodium 40 mg (4,000 I.U. anti-Xa) in 0.4 mL pre-filled syringe"
08639Q,2025-01-01,2744,230151.86,83.87458454810495,ENOXAPARIN SODIUM,"Injection containing enoxaparin sodium 40 mg (4,000 I.U. anti-Xa) in 0.4 mL pre-filled syringe"
08639Q,2025-02-01,2688,219422.91999999998,81.63055059523809,ENOXAPARIN SODIUM,"Injection containing enoxaparin sodium 40 mg (4,000 I.U. anti-Xa) in 0.4 mL pre-filled syringe"
08639Q,2025-03-01,3117,261783.28,83.98565287135065,ENOXAPARIN SODIUM,"Injection containing enoxaparin sodium 40 mg (4,000 I.U. anti-Xa) in 0.4 mL pre-filled syringe"
08639Q,2025-04-01,2831,195917.28,69.20426704344754,ENOXAPARIN SODIUM,"Injection containing enoxaparin sodium 40 mg (4,000 I.U. anti-Xa) in 0.4 mL pre-filled syringe"
08639Q,2025-05-01,3011,205258.4,68.16951179010296,ENOXAPARIN SODIUM,"Injection containing enoxaparin sodium 40 mg (4,000 I.U. anti-Xa) in 0.4 mL pre-filled syringe"
08639Q,2025-06-01,2895,197716.43,68.29583074265976,ENOXAPARIN SODIUM,"Injection containing enoxaparin sodium 40 mg (4,000 I.U. anti-Xa) in 0.4 mL pre-filled syringe"
08639Q,2025-07-01,3030,211188.05000000002,69.69902640264027,ENOXAPARIN SODIUM,"Injection containing enoxaparin sodium 40 mg (4,000 I.U. anti-Xa) in 0.4 mL pre-filled syringe"
08639Q,2025-08-01,3178,218970.07,68.90184707363122,ENOXAPARIN SODIUM,"Injection containing enoxaparin sodium 40 mg (4,000 I.U. anti-Xa) in 0.4 mL pre-filled syringe"
08639Q,2025-09-01,2992,205823.11,68.79114639037432,ENOXAPARIN SODIUM,"Injection containing enoxaparin sodium 40 mg (4,000 I.U. anti-Xa) in 0.4 mL pre-filled syringe"
08639Q,2025-10-01,3090,213605.84000000003,69.12810355987055,ENOXAPARIN SODIUM,"Injection containing enoxaparin sodium 40 mg (4,000 I.U. anti-Xa) in 0.4 mL pre-filled syringe"
08639Q,2025-11-01,2940,203592.09,69.24901020408163,ENOXAPARIN SODIUM,"Injection containing enoxaparin sodium 40 mg (4,000 I.U. anti-Xa) in 0.4 mL pre-filled syringe"
08639Q,2025-12-01,3185,220794.34,69.32318367346939,ENOXAPARIN SODIUM,"Injection containing enoxaparin sodium 40 mg (4,000 I.U. anti-Xa) in 0.4 mL pre-filled syringe"
08639Q,2026-01-01,2562,176904.16999999998,69.04924668227946,ENOXAPARIN SODIUM,"Injection containing enoxaparin sodium 40 mg (4,000 I.U. anti-Xa) in 0.4 mL pre-filled syringe"
08639Q,2026-02-01,2600,175529.55,67.51136538461537,ENOXAPARIN SODIUM,"Injection containing enoxaparin sodium 40 mg (4,000 I.U. anti-Xa) in 0.4 mL pre-filled syringe"
08639Q,2026-03-01,3254,215752.29000000004,66.30371542716658,ENOXAPARIN SODIUM,"Injection containing enoxaparin sodium 40 mg (4,000 I.U. anti-Xa) in 0.4 mL pre-filled syringe"
08639Q,2026-04-01,3016,180915.41,59.98521551724138,ENOXAPARIN SODIUM,"Injection containing enoxaparin sodium 40 mg (4,000 I.U. anti-Xa) in 0.4 mL pre-filled syringe"
08639Q,2026-05-01,3161,190439.45,60.2465833596963,ENOXAPARIN SODIUM,"Injection containing enoxaparin sodium 40 mg (4,000 I.U. anti-Xa) in 0.4 mL pre-filled syringe"
08639Q,2026-06-01,3022,184944.99,61.19953342157511,ENOXAPARIN SODIUM,"Injection containing enoxaparin sodium 40 mg (4,000 I.U. anti-Xa) in 0.4 mL pre-filled syringe"
08717T,2022-07-01,11519,768877.9,66.7486674190468,ARIPIPRAZOLE,Tablet 10 mg
08717T,2022-08-01,12141,810922.0900000001,66.792034428795,ARIPIPRAZOLE,Tablet 10 mg
08717T,2022-09-01,11829,790122.15,66.79534618310932,ARIPIPRAZOLE,Tablet 10 mg
08717T,2022-10-01,11672,677702.74,58.06226353666895,ARIPIPRAZOLE,Tablet 10 mg
08717T,2022-11-01,11979,695648.31,58.07231905835212,ARIPIPRAZOLE,Tablet 10 mg
08717T,2022-12-01,12928,752206.59,58.184296874999994,ARIPIPRAZOLE,Tablet 10 mg
08717T,2023-01-01,10710,622779.8,58.14937441643325,ARIPIPRAZOLE,Tablet 10 mg
08717T,2023-02-01,10684,621329.01,58.15509266192437,ARIPIPRAZOLE,Tablet 10 mg
08717T,2023-03-01,12145,705452.22,58.08581473857554,ARIPIPRAZOLE,Tablet 10 mg
08717T,2023-04-01,11020,639644.64,58.04397822141561,ARIPIPRAZOLE,Tablet 10 mg
08717T,2023-05-01,12370,718903.06,58.116658043654006,ARIPIPRAZOLE,Tablet 10 mg
08717T,2023-06-01,12108,703838.14,58.13000825900232,ARIPIPRAZOLE,Tablet 10 mg
08717T,2023-07-01,12042,709421.53,58.91226789569839,ARIPIPRAZOLE,Tablet 10 mg
08717T,2023-08-01,12934,762253.99,58.93412633369414,ARIPIPRAZOLE,Tablet 10 mg
08717T,2023-09-01,12002,706670.32,58.87938010331611,ARIPIPRAZOLE,Tablet 10 mg
08717T,2023-10-01,12490,735382.52,58.87770376301041,ARIPIPRAZOLE,Tablet 10 mg
08717T,2023-11-01,12673,746289.55,58.88815197664326,ARIPIPRAZOLE,Tablet 10 mg
08717T,2023-12-01,13205,777319.14,58.86551609238925,ARIPIPRAZOLE,Tablet 10 mg
08717T,2024-01-01,11548,679543.01,58.84508226532733,ARIPIPRAZOLE,Tablet 10 mg
08717T,2024-02-01,11743,690189.85,58.77457634335349,ARIPIPRAZOLE,Tablet 10 mg
08717T,2024-03-01,12399,729763.53,58.85664408420034,ARIPIPRAZOLE,Tablet 10 mg
08717T,2024-04-01,12350,541769.49,43.86797489878543,ARIPIPRAZOLE,Tablet 10 mg
08717T,2024-05-01,13075,574275.49,43.92164359464627,ARIPIPRAZOLE,Tablet 10 mg
08717T,2024-06-01,12083,530521.0499999999,43.906401555904985,ARIPIPRAZOLE,Tablet 10 mg
08717T,2024-07-01,13260,587968.37,44.341506033182505,ARIPIPRAZOLE,Tablet 10 mg
08717T,2024-08-01,12885,570893.92,44.30686224291812,ARIPIPRAZOLE,Tablet 10 mg
08717T,2024-09-01,12416,550669.0499999999,44.35156652706185,ARIPIPRAZOLE,Tablet 10 mg
08717T,2024-10-01,13422,594664.23,44.305187751452834,ARIPIPRAZOLE,Tablet 10 mg
08717T,2024-11-01,12842,568107.94,44.238275969475154,ARIPIPRAZOLE,Tablet 10 mg
08717T,2024-12-01,14184,627746.75,44.25738508178229,ARIPIPRAZOLE,Tablet 10 mg
08717T,2025-01-01,12245,543065.77,44.35000163331972,ARIPIPRAZOLE,Tablet 10 mg
08717T,2025-02-01,11901,526574.52,44.24624149231157,ARIPIPRAZOLE,Tablet 10 mg
08717T,2025-03-01,13056,577444.1799999999,44.22826133578431,ARIPIPRAZOLE,Tablet 10 mg
08717T,2025-04-01,12821,567911.3400000001,44.2954012947508,ARIPIPRAZOLE,Tablet 10 mg
08717T,2025-05-01,13865,613646.52,44.258674359899025,ARIPIPRAZOLE,Tablet 10 mg
08717T,2025-06-01,13165,583149.27,44.295424990505126,ARIPIPRAZOLE,Tablet 10 mg
08717T,2025-07-01,14312,638001.5499999999,44.57808482392397,ARIPIPRAZOLE,Tablet 10 mg
08717T,2025-08-01,13736,612395.75,44.583266598718694,ARIPIPRAZOLE,Tablet 10 mg
08717T,2025-09-01,13950,622002.02,44.58795842293907,ARIPIPRAZOLE,Tablet 10 mg
08717T,2025-10-01,14548,648560.4,44.58072587297223,ARIPIPRAZOLE,Tablet 10 mg
08717T,2025-11-01,13869,617406.6,44.517023577763354,ARIPIPRAZOLE,Tablet 10 mg
08717T,2025-12-01,15828,706127.89,44.612578342178416,ARIPIPRAZOLE,Tablet 10 mg
08717T,2026-01-01,13169,586852.0499999999,44.5631445060369,ARIPIPRAZOLE,Tablet 10 mg
08717T,2026-02-01,12946,577383.6900000001,44.59938900046347,ARIPIPRAZOLE,Tablet 10 mg
08717T,2026-03-01,14943,665366.03,44.52693769658034,ARIPIPRAZOLE,Tablet 10 mg
08717T,2026-04-01,13978,548613.5,39.24835455716126,ARIPIPRAZOLE,Tablet 10 mg
08717T,2026-05-01,14671,575504.58,39.22735873491923,ARIPIPRAZOLE,Tablet 10 mg
08717T,2026-06-01,14975,587246.78,39.21514390651085,ARIPIPRAZOLE,Tablet 10 mg
08718W,2022-07-01,4494,406458.53,90.44471072541167,ARIPIPRAZOLE,Tablet 15 mg
08718W,2022-08-01,4727,428515.19,90.6526740004231,ARIPIPRAZOLE,Tablet 15 mg
08718W,2022-09-01,4552,412814.91,90.68868848857645,ARIPIPRAZOLE,Tablet 15 mg
08718W,2022-10-01,4611,358726.79,77.79804597701148,ARIPIPRAZOLE,Tablet 15 mg
08718W,2022-11-01,4707,366508.30000000005,77.86452092628002,ARIPIPRAZOLE,Tablet 15 mg
08718W,2022-12-01,5043,393983.2,78.1247670037676,ARIPIPRAZOLE,Tablet 15 mg
08718W,2023-01-01,4306,335963.8,78.02224802601022,ARIPIPRAZOLE,Tablet 15 mg
08718W,2023-02-01,4263,333371.41,78.20112831339432,ARIPIPRAZOLE,Tablet 15 mg
08718W,2023-03-01,4909,383150.23,78.05056630678345,ARIPIPRAZOLE,Tablet 15 mg
08718W,2023-04-01,4360,339779.48000000004,77.93107339449543,ARIPIPRAZOLE,Tablet 15 mg
08718W,2023-05-01,4942,384885.71,77.88055645487657,ARIPIPRAZOLE,Tablet 15 mg
08718W,2023-06-01,4695,366485.0,78.05857294994675,ARIPIPRAZOLE,Tablet 15 mg
08718W,2023-07-01,4763,376179.02,78.9794289313458,ARIPIPRAZOLE,Tablet 15 mg
08718W,2023-08-01,4975,391482.12,78.68987336683416,ARIPIPRAZOLE,Tablet 15 mg
08718W,2023-09-01,4688,368803.04,78.669590443686,ARIPIPRAZOLE,Tablet 15 mg
08718W,2023-10-01,4837,380755.89,78.7173640686376,ARIPIPRAZOLE,Tablet 15 mg
08718W,2023-11-01,4849,382113.59,78.80255516601362,ARIPIPRAZOLE,Tablet 15 mg
08718W,2023-12-01,5109,402044.43999999994,78.69337247993735,ARIPIPRAZOLE,Tablet 15 mg
08718W,2024-01-01,4531,357771.41000000003,78.96080556168617,ARIPIPRAZOLE,Tablet 15 mg
08718W,2024-02-01,4597,361398.87,78.61624320208831,ARIPIPRAZOLE,Tablet 15 mg
08718W,2024-03-01,4882,383056.05,78.46293527242933,ARIPIPRAZOLE,Tablet 15 mg
08718W,2024-04-01,4877,278747.92000000004,57.155612056592176,ARIPIPRAZOLE,Tablet 15 mg
08718W,2024-05-01,5193,296623.05,57.11978625072212,ARIPIPRAZOLE,Tablet 15 mg
08718W,2024-06-01,4710,269079.16,57.12933333333333,ARIPIPRAZOLE,Tablet 15 mg
08718W,2024-07-01,5178,297976.68,57.54667439165701,ARIPIPRAZOLE,Tablet 15 mg
08718W,2024-08-01,5055,291217.1,57.609713155291786,ARIPIPRAZOLE,Tablet 15 mg
08718W,2024-09-01,4932,284557.66,57.696200324412,ARIPIPRAZOLE,Tablet 15 mg
08718W,2024-10-01,5386,310296.32,57.61164500557,ARIPIPRAZOLE,Tablet 15 mg
08718W,2024-11-01,5083,292937.91,57.6309089120598,ARIPIPRAZOLE,Tablet 15 mg
08718W,2024-12-01,5501,317001.03,57.62607344119252,ARIPIPRAZOLE,Tablet 15 mg
08718W,2025-01-01,4797,276157.15,57.56872003335418,ARIPIPRAZOLE,Tablet 15 mg
08718W,2025-02-01,4752,273494.06,57.55346380471381,ARIPIPRAZOLE,Tablet 15 mg
08718W,2025-03-01,5124,294332.56,57.44195160031226,ARIPIPRAZOLE,Tablet 15 mg
08718W,2025-04-01,4976,286214.55000000005,57.51900120578779,ARIPIPRAZOLE,Tablet 15 mg
08718W,2025-05-01,5401,310184.26,57.43089427883726,ARIPIPRAZOLE,Tablet 15 mg
08718W,2025-06-01,5178,297782.01,57.509078794901505,ARIPIPRAZOLE,Tablet 15 mg
08718W,2025-07-01,5564,320926.08,57.67902228612509,ARIPIPRAZOLE,Tablet 15 mg
08718W,2025-08-01,5298,306110.64999999997,57.77852963382408,ARIPIPRAZOLE,Tablet 15 mg
08718W,2025-09-01,5378,310386.88,57.71418371141689,ARIPIPRAZOLE,Tablet 15 mg
08718W,2025-10-01,5667,327286.17000000004,57.752985706723145,ARIPIPRAZOLE,Tablet 15 mg
08718W,2025-11-01,5308,305403.72000000003,57.536495855312744,ARIPIPRAZOLE,Tablet 15 mg
08718W,2025-12-01,6203,357946.02,57.70530710946316,ARIPIPRAZOLE,Tablet 15 mg
08718W,2026-01-01,5075,292609.09,57.65696354679803,ARIPIPRAZOLE,Tablet 15 mg
08718W,2026-02-01,5074,292726.87,57.69153921955065,ARIPIPRAZOLE,Tablet 15 mg
08718W,2026-03-01,5768,333199.97,57.76698509015256,ARIPIPRAZOLE,Tablet 15 mg
08718W,2026-04-01,5281,264640.6,50.111834879757616,ARIPIPRAZOLE,Tablet 15 mg
08718W,2026-05-01,5551,278042.69,50.08875698072419,ARIPIPRAZOLE,Tablet 15 mg
08718W,2026-06-01,5593,280688.65,50.18570534596818,ARIPIPRAZOLE,Tablet 15 mg
08719X,2022-07-01,4501,487068.21,108.21333259275717,ARIPIPRAZOLE,Tablet 20 mg
08719X,2022-08-01,4796,519520.76000000007,108.32376146788992,ARIPIPRAZOLE,Tablet 20 mg
08719X,2022-09-01,4661,503728.37,108.07302510190947,ARIPIPRAZOLE,Tablet 20 mg
08719X,2022-10-01,4692,436102.69,92.94601236146633,ARIPIPRAZOLE,Tablet 20 mg
08719X,2022-11-01,4704,436488.76,92.79097789115646,ARIPIPRAZOLE,Tablet 20 mg
08719X,2022-12-01,4976,462175.56,92.88094051446946,ARIPIPRAZOLE,Tablet 20 mg
08719X,2023-01-01,4263,395728.5,92.8286418015482,ARIPIPRAZOLE,Tablet 20 mg
08719X,2023-02-01,4209,391803.03,93.08696364932288,ARIPIPRAZOLE,Tablet 20 mg
08719X,2023-03-01,4874,451919.89999999997,92.72053754616331,ARIPIPRAZOLE,Tablet 20 mg
08719X,2023-04-01,4373,406864.97000000003,93.04024010976447,ARIPIPRAZOLE,Tablet 20 mg
08719X,2023-05-01,5007,464056.29,92.68150389454763,ARIPIPRAZOLE,Tablet 20 mg
08719X,2023-06-01,4738,440601.24,92.99308569016462,ARIPIPRAZOLE,Tablet 20 mg
08719X,2023-07-01,4707,441614.77,93.82085617165923,ARIPIPRAZOLE,Tablet 20 mg
08719X,2023-08-01,5058,473924.66000000003,93.69803479636221,ARIPIPRAZOLE,Tablet 20 mg
08719X,2023-09-01,4621,432233.33,93.53675178532785,ARIPIPRAZOLE,Tablet 20 mg
08719X,2023-10-01,4974,466604.0,93.8086047446723,ARIPIPRAZOLE,Tablet 20 mg
08719X,2023-11-01,4891,457792.3,93.59891637701901,ARIPIPRAZOLE,Tablet 20 mg
08719X,2023-12-01,5174,483194.8,93.38902203324314,ARIPIPRAZOLE,Tablet 20 mg
08719X,2024-01-01,4639,433586.03,93.46540849320975,ARIPIPRAZOLE,Tablet 20 mg
08719X,2024-02-01,4633,432893.13,93.4368940211526,ARIPIPRAZOLE,Tablet 20 mg
08719X,2024-03-01,4793,449424.47000000003,93.76684122678907,ARIPIPRAZOLE,Tablet 20 mg
08719X,2024-04-01,4814,323415.27999999997,67.1822351474865,ARIPIPRAZOLE,Tablet 20 mg
08719X,2024-05-01,5073,341268.32,67.271500098561,ARIPIPRAZOLE,Tablet 20 mg
08719X,2024-06-01,4750,317997.88,66.94692210526316,ARIPIPRAZOLE,Tablet 20 mg
08719X,2024-07-01,5174,350025.63,67.65087553150367,ARIPIPRAZOLE,Tablet 20 mg
08719X,2024-08-01,5013,338137.88,67.45220027927388,ARIPIPRAZOLE,Tablet 20 mg
08719X,2024-09-01,4866,328461.01,67.50123510069872,ARIPIPRAZOLE,Tablet 20 mg
08719X,2024-10-01,5242,354378.59,67.60369896985884,ARIPIPRAZOLE,Tablet 20 mg
08719X,2024-11-01,5073,343176.32,67.64760890991523,ARIPIPRAZOLE,Tablet 20 mg
08719X,2024-12-01,5541,374428.23000000004,67.57412560909584,ARIPIPRAZOLE,Tablet 20 mg
08719X,2025-01-01,4843,326612.20999999996,67.44005988023952,ARIPIPRAZOLE,Tablet 20 mg
08719X,2025-02-01,4672,314512.79,67.31866224315068,ARIPIPRAZOLE,Tablet 20 mg
08719X,2025-03-01,4984,335419.94,67.29934590690209,ARIPIPRAZOLE,Tablet 20 mg
08719X,2025-04-01,4980,335327.64,67.33486746987953,ARIPIPRAZOLE,Tablet 20 mg
08719X,2025-05-01,5340,359750.58999999997,67.36902434456928,ARIPIPRAZOLE,Tablet 20 mg
08719X,2025-06-01,5120,344317.41000000003,67.249494140625,ARIPIPRAZOLE,Tablet 20 mg
08719X,2025-07-01,5519,373235.22,67.62732741438666,ARIPIPRAZOLE,Tablet 20 mg
08719X,2025-08-01,5284,357947.58,67.74178274034823,ARIPIPRAZOLE,Tablet 20 mg
08719X,2025-09-01,5194,351383.56,67.65182133230651,ARIPIPRAZOLE,Tablet 20 mg
08719X,2025-10-01,5584,378569.89999999997,67.79546919770773,ARIPIPRAZOLE,Tablet 20 mg
08719X,2025-11-01,5194,351780.68,67.7282787832114,ARIPIPRAZOLE,Tablet 20 mg
08719X,2025-12-01,5973,403961.04,67.63118031140131,ARIPIPRAZOLE,Tablet 20 mg
08719X,2026-01-01,4947,334752.33,67.66774408732566,ARIPIPRAZOLE,Tablet 20 mg
08719X,2026-02-01,4863,328432.86,67.5370882171499,ARIPIPRAZOLE,Tablet 20 mg
08719X,2026-03-01,5681,384911.37999999995,67.75415947896497,ARIPIPRAZOLE,Tablet 20 mg
08719X,2026-04-01,5119,298047.65,58.22380347724165,ARIPIPRAZOLE,Tablet 20 mg
08719X,2026-05-01,5375,313151.39999999997,58.26072558139534,ARIPIPRAZOLE,Tablet 20 mg
08719X,2026-06-01,5388,313345.75,58.156226800296956,ARIPIPRAZOLE,Tablet 20 mg
08720Y,2022-07-01,3269,423731.79000000004,129.62122667482413,ARIPIPRAZOLE,Tablet 30 mg
08720Y,2022-08-01,3538,458242.95999999996,129.52033917467494,ARIPIPRAZOLE,Tablet 30 mg
08720Y,2022-09-01,3355,435616.0,129.8408345752608,ARIPIPRAZOLE,Tablet 30 mg
08720Y,2022-10-01,3366,370666.30000000005,110.12070707070708,ARIPIPRAZOLE,Tablet 30 mg
08720Y,2022-11-01,3333,368394.58,110.52942694269427,ARIPIPRAZOLE,Tablet 30 mg
08720Y,2022-12-01,3682,407554.14,110.68825095057035,ARIPIPRAZOLE,Tablet 30 mg
08720Y,2023-01-01,2962,326939.01000000007,110.37778865631333,ARIPIPRAZOLE,Tablet 30 mg
08720Y,2023-02-01,3068,338703.57,110.39881681877445,ARIPIPRAZOLE,Tablet 30 mg
08720Y,2023-03-01,3453,380693.45999999996,110.25006081668114,ARIPIPRAZOLE,Tablet 30 mg
08720Y,2023-04-01,3081,339956.08,110.33952612788056,ARIPIPRAZOLE,Tablet 30 mg
08720Y,2023-05-01,3519,387639.1699999999,110.15605853935774,ARIPIPRAZOLE,Tablet 30 mg
08720Y,2023-06-01,3359,371209.93,110.51203632033344,ARIPIPRAZOLE,Tablet 30 mg
08720Y,2023-07-01,3290,366883.76,111.514820668693,ARIPIPRAZOLE,Tablet 30 mg
08720Y,2023-08-01,3552,394752.39999999997,111.13524774774774,ARIPIPRAZOLE,Tablet 30 mg
08720Y,2023-09-01,3336,369892.5,110.87904676258992,ARIPIPRAZOLE,Tablet 30 mg
08720Y,2023-10-01,3395,376992.87,111.04355522827687,ARIPIPRAZOLE,Tablet 30 mg
08720Y,2023-11-01,3446,381520.99,110.71415844457341,ARIPIPRAZOLE,Tablet 30 mg
08720Y,2023-12-01,3584,396737.0,110.69670758928571,ARIPIPRAZOLE,Tablet 30 mg
08720Y,2024-01-01,3133,345559.17,110.296575167571,ARIPIPRAZOLE,Tablet 30 mg
08720Y,2024-02-01,3197,353755.84,110.65243665936816,ARIPIPRAZOLE,Tablet 30 mg
08720Y,2024-03-01,3432,379945.04000000004,110.70659673659675,ARIPIPRAZOLE,Tablet 30 mg
08720Y,2024-04-01,3259,258261.76,79.24570727216938,ARIPIPRAZOLE,Tablet 30 mg
08720Y,2024-05-01,3475,274656.37,79.03780431654675,ARIPIPRAZOLE,Tablet 30 mg
08720Y,2024-06-01,3239,255080.93000000002,78.75298857672122,ARIPIPRAZOLE,Tablet 30 mg
08720Y,2024-07-01,3571,283567.96,79.40855782693924,ARIPIPRAZOLE,Tablet 30 mg
08720Y,2024-08-01,3479,277021.33999999997,79.6267145731532,ARIPIPRAZOLE,Tablet 30 mg
08720Y,2024-09-01,3303,262472.31,79.46482288828338,ARIPIPRAZOLE,Tablet 30 mg
08720Y,2024-10-01,3627,288357.92,79.50314860766473,ARIPIPRAZOLE,Tablet 30 mg
08720Y,2024-11-01,3392,268563.79,79.17564563679245,ARIPIPRAZOLE,Tablet 30 mg
08720Y,2024-12-01,3689,292313.98,79.23935483870967,ARIPIPRAZOLE,Tablet 30 mg
08720Y,2025-01-01,3111,246540.08000000002,79.24785599485696,ARIPIPRAZOLE,Tablet 30 mg
08720Y,2025-02-01,3061,243067.79,79.40796798431886,ARIPIPRAZOLE,Tablet 30 mg
08720Y,2025-03-01,3296,262168.72000000003,79.54148058252429,ARIPIPRAZOLE,Tablet 30 mg
08720Y,2025-04-01,3263,258402.55000000002,79.19171008274594,ARIPIPRAZOLE,Tablet 30 mg
08720Y,2025-05-01,3502,278830.18,79.62026841804683,ARIPIPRAZOLE,Tablet 30 mg
08720Y,2025-06-01,3300,261613.97,79.27696060606061,ARIPIPRAZOLE,Tablet 30 mg
08720Y,2025-07-01,3492,277503.89,79.46846792668958,ARIPIPRAZOLE,Tablet 30 mg
08720Y,2025-08-01,3357,267714.63,79.74817694369973,ARIPIPRAZOLE,Tablet 30 mg
08720Y,2025-09-01,3403,270866.69,79.59644137525713,ARIPIPRAZOLE,Tablet 30 mg
08720Y,2025-10-01,3554,282721.73,79.55028981429375,ARIPIPRAZOLE,Tablet 30 mg
08720Y,2025-11-01,3333,265234.88,79.57842184218423,ARIPIPRAZOLE,Tablet 30 mg
08720Y,2025-12-01,3852,306669.78,79.6131308411215,ARIPIPRAZOLE,Tablet 30 mg
08720Y,2026-01-01,3085,244829.73,79.36133873581848,ARIPIPRAZOLE,Tablet 30 mg
08720Y,2026-02-01,3118,247531.93999999997,79.38805003207183,ARIPIPRAZOLE,Tablet 30 mg
08720Y,2026-03-01,3423,272884.48,79.72085305287759,ARIPIPRAZOLE,Tablet 30 mg
08720Y,2026-04-01,3252,221609.37,68.1455627306273,ARIPIPRAZOLE,Tablet 30 mg
08720Y,2026-05-01,3388,231530.33,68.33835005903187,ARIPIPRAZOLE,Tablet 30 mg
08720Y,2026-06-01,3318,225828.11000000002,68.06151597347801,ARIPIPRAZOLE,Tablet 30 mg
11122J,2022-07-01,14429,2928345.77,202.94862914962923,SACUBITRIL + VALSARTAN,Tablet containing sacubitril 97.2 mg with valsartan 102.8 mg
11122J,2022-08-01,15339,3113732.7600000002,202.99450811656564,SACUBITRIL + VALSARTAN,Tablet containing sacubitril 97.2 mg with valsartan 102.8 mg
11122J,2022-09-01,15118,3068694.37,202.98282643206775,SACUBITRIL + VALSARTAN,Tablet containing sacubitril 97.2 mg with valsartan 102.8 mg
11122J,2022-10-01,15282,2922741.31,191.25384831828296,SACUBITRIL + VALSARTAN,Tablet containing sacubitril 97.2 mg with valsartan 102.8 mg
11122J,2022-11-01,15722,3006329.51,191.21800725098586,SACUBITRIL + VALSARTAN,Tablet containing sacubitril 97.2 mg with valsartan 102.8 mg
11122J,2022-12-01,17668,3378082.17,191.19776828163913,SACUBITRIL + VALSARTAN,Tablet containing sacubitril 97.2 mg with valsartan 102.8 mg
11122J,2023-01-01,13749,2629696.19,191.2645421485199,SACUBITRIL + VALSARTAN,Tablet containing sacubitril 97.2 mg with valsartan 102.8 mg
11122J,2023-02-01,14321,2738307.96,191.2092703023532,SACUBITRIL + VALSARTAN,Tablet containing sacubitril 97.2 mg with valsartan 102.8 mg
11122J,2023-03-01,16303,3116955.7199999997,191.18908912470096,SACUBITRIL + VALSARTAN,Tablet containing sacubitril 97.2 mg with valsartan 102.8 mg
11122J,2023-04-01,15132,2893262.2399999998,191.20157546920433,SACUBITRIL + VALSARTAN,Tablet containing sacubitril 97.2 mg with valsartan 102.8 mg
11122J,2023-05-01,17005,3250424.96,191.1452490443987,SACUBITRIL + VALSARTAN,Tablet containing sacubitril 97.2 mg with valsartan 102.8 mg
11122J,2023-06-01,16346,3124862.03,191.16982931604062,SACUBITRIL + VALSARTAN,Tablet containing sacubitril 97.2 mg with valsartan 102.8 mg
11122J,2023-07-01,16692,3205312.46,192.02686676252097,SACUBITRIL + VALSARTAN,Tablet containing sacubitril 97.2 mg with valsartan 102.8 mg
11122J,2023-08-01,17673,3393916.9,192.03965936739658,SACUBITRIL + VALSARTAN,Tablet containing sacubitril 97.2 mg with valsartan 102.8 mg
11122J,2023-09-01,16711,3209041.41,192.03168033032136,SACUBITRIL + VALSARTAN,Tablet containing sacubitril 97.2 mg with valsartan 102.8 mg
11122J,2023-10-01,17120,3288087.38,192.06117873831775,SACUBITRIL + VALSARTAN,Tablet containing sacubitril 97.2 mg with valsartan 102.8 mg
11122J,2023-11-01,16794,3224862.01,192.02465225675834,SACUBITRIL + VALSARTAN,Tablet containing sacubitril 97.2 mg with valsartan 102.8 mg
11122J,2023-12-01,17945,3446076.71,192.03548119253273,SACUBITRIL + VALSARTAN,Tablet containing sacubitril 97.2 mg with valsartan 102.8 mg
11122J,2024-01-01,14361,2757911.4,192.0417380405264,SACUBITRIL + VALSARTAN,Tablet containing sacubitril 97.2 mg with valsartan 102.8 mg
11122J,2024-02-01,14678,2819071.29,192.06099536721624,SACUBITRIL + VALSARTAN,Tablet containing sacubitril 97.2 mg with valsartan 102.8 mg
11122J,2024-03-01,15106,2900968.3,192.04079835826823,SACUBITRIL + VALSARTAN,Tablet containing sacubitril 97.2 mg with valsartan 102.8 mg
11122J,2024-04-01,15155,2910028.4499999997,192.01771362586604,SACUBITRIL + VALSARTAN,Tablet containing sacubitril 97.2 mg with valsartan 102.8 mg
11122J,2024-05-01,15712,3016632.85,191.99547161405295,SACUBITRIL + VALSARTAN,Tablet containing sacubitril 97.2 mg with valsartan 102.8 mg
11122J,2024-06-01,14527,2788987.49,191.9864727748331,SACUBITRIL + VALSARTAN,Tablet containing sacubitril 97.2 mg with valsartan 102.8 mg
11122J,2024-07-01,15755,3032918.85,192.50516344017774,SACUBITRIL + VALSARTAN,Tablet containing sacubitril 97.2 mg with valsartan 102.8 mg
11122J,2024-08-01,15309,2947091.87,192.50714416356394,SACUBITRIL + VALSARTAN,Tablet containing sacubitril 97.2 mg with valsartan 102.8 mg
11122J,2024-09-01,14746,2838592.86,192.49917672589177,SACUBITRIL + VALSARTAN,Tablet containing sacubitril 97.2 mg with valsartan 102.8 mg
11122J,2024-10-01,15519,2987179.4,192.48530188800825,SACUBITRIL + VALSARTAN,Tablet containing sacubitril 97.2 mg with valsartan 102.8 mg
11122J,2024-11-01,14789,2847406.69,192.53544458719318,SACUBITRIL + VALSARTAN,Tablet containing sacubitril 97.2 mg with valsartan 102.8 mg
11122J,2024-12-01,16632,3200626.91,192.4378854016354,SACUBITRIL + VALSARTAN,Tablet containing sacubitril 97.2 mg with valsartan 102.8 mg
11122J,2025-01-01,13122,2526776.08,192.5602865416857,SACUBITRIL + VALSARTAN,Tablet containing sacubitril 97.2 mg with valsartan 102.8 mg
11122J,2025-02-01,12949,2492962.98,192.52166035987335,SACUBITRIL + VALSARTAN,Tablet containing sacubitril 97.2 mg with valsartan 102.8 mg
11122J,2025-03-01,15339,2953364.08,192.53954495077906,SACUBITRIL + VALSARTAN,Tablet containing sacubitril 97.2 mg with valsartan 102.8 mg
11122J,2025-04-01,13373,1339971.9000000001,100.19979810065057,SACUBITRIL + VALSARTAN,Tablet containing sacubitril 97.2 mg with valsartan 102.8 mg
11122J,2025-05-01,14322,1435102.5999999999,100.20266722524786,SACUBITRIL + VALSARTAN,Tablet containing sacubitril 97.2 mg with valsartan 102.8 mg
11122J,2025-06-01,13782,1380874.78,100.19407778261501,SACUBITRIL + VALSARTAN,Tablet containing sacubitril 97.2 mg with valsartan 102.8 mg
11122J,2025-07-01,14843,1492170.73,100.5302654449909,SACUBITRIL + VALSARTAN,Tablet containing sacubitril 97.2 mg with valsartan 102.8 mg
11122J,2025-08-01,14214,1428720.11,100.51499296468272,SACUBITRIL + VALSARTAN,Tablet containing sacubitril 97.2 mg with valsartan 102.8 mg
11122J,2025-09-01,14179,1425501.26,100.53609281331546,SACUBITRIL + VALSARTAN,Tablet containing sacubitril 97.2 mg with valsartan 102.8 mg
11122J,2025-10-01,14899,1497931.6199999999,100.53907107859587,SACUBITRIL + VALSARTAN,Tablet containing sacubitril 97.2 mg with valsartan 102.8 mg
11122J,2025-11-01,14013,1408674.4000000001,100.52625419253552,SACUBITRIL + VALSARTAN,Tablet containing sacubitril 97.2 mg with valsartan 102.8 mg
11122J,2025-12-01,16351,1643995.02,100.54400464803376,SACUBITRIL + VALSARTAN,Tablet containing sacubitril 97.2 mg with valsartan 102.8 mg
11122J,2026-01-01,12517,1258544.43,100.54681073739714,SACUBITRIL + VALSARTAN,Tablet containing sacubitril 97.2 mg with valsartan 102.8 mg
11122J,2026-02-01,12725,1279464.0,100.54726915520628,SACUBITRIL + VALSARTAN,Tablet containing sacubitril 97.2 mg with valsartan 102.8 mg
11122J,2026-03-01,14204,1428274.46,100.55438327231765,SACUBITRIL + VALSARTAN,Tablet containing sacubitril 97.2 mg with valsartan 102.8 mg
11122J,2026-04-01,13442,1350804.3699999999,100.49132346377026,SACUBITRIL + VALSARTAN,Tablet containing sacubitril 97.2 mg with valsartan 102.8 mg
11122J,2026-05-01,13992,1406267.57,100.50511506575187,SACUBITRIL + VALSARTAN,Tablet containing sacubitril 97.2 mg with valsartan 102.8 mg
11122J,2026-06-01,14034,1411087.31,100.54776328915491,SACUBITRIL + VALSARTAN,Tablet containing sacubitril 97.2 mg with valsartan 102.8 mg
11123K,2022-07-01,19767,4017198.73,203.22753730965752,SACUBITRIL + VALSARTAN,Tablet containing sacubitril 24.3 mg with valsartan 25.7 mg
11123K,2022-08-01,21408,4351302.37,203.25590293348282,SACUBITRIL + VALSARTAN,Tablet containing sacubitril 24.3 mg with valsartan 25.7 mg
11123K,2022-09-01,21191,4308643.21,203.32420414326836,SACUBITRIL + VALSARTAN,Tablet containing sacubitril 24.3 mg with valsartan 25.7 mg
11123K,2022-10-01,21675,4149785.4,191.4549204152249,SACUBITRIL + VALSARTAN,Tablet containing sacubitril 24.3 mg with valsartan 25.7 mg
11123K,2022-11-01,22801,4367194.33,191.53521029779395,SACUBITRIL + VALSARTAN,Tablet containing sacubitril 24.3 mg with valsartan 25.7 mg
11123K,2022-12-01,25960,4970962.13,191.4854441448382,SACUBITRIL + VALSARTAN,Tablet containing sacubitril 24.3 mg with valsartan 25.7 mg
11123K,2023-01-01,20318,3889615.42,191.43692390983364,SACUBITRIL + VALSARTAN,Tablet containing sacubitril 24.3 mg with valsartan 25.7 mg
11123K,2023-02-01,21154,4053415.07,191.61459156660678,SACUBITRIL + VALSARTAN,Tablet containing sacubitril 24.3 mg with valsartan 25.7 mg
11123K,2023-03-01,24619,4715319.13,191.53170843657338,SACUBITRIL + VALSARTAN,Tablet containing sacubitril 24.3 mg with valsartan 25.7 mg
11123K,2023-04-01,22576,4323101.46,191.4910285258682,SACUBITRIL + VALSARTAN,Tablet containing sacubitril 24.3 mg with valsartan 25.7 mg
11123K,2023-05-01,25908,4961818.45,191.51684614790798,SACUBITRIL + VALSARTAN,Tablet containing sacubitril 24.3 mg with valsartan 25.7 mg
11123K,2023-06-01,25305,4846296.57,191.5153752222881,SACUBITRIL + VALSARTAN,Tablet containing sacubitril 24.3 mg with valsartan 25.7 mg
11123K,2023-07-01,25682,4940895.3,192.38748150455572,SACUBITRIL + VALSARTAN,Tablet containing sacubitril 24.3 mg with valsartan 25.7 mg
11123K,2023-08-01,27155,5223333.140000001,192.35253691769475,SACUBITRIL + VALSARTAN,Tablet containing sacubitril 24.3 mg with valsartan 25.7 mg
11123K,2023-09-01,25879,4976150.09,192.28525406700413,SACUBITRIL + VALSARTAN,Tablet containing sacubitril 24.3 mg with valsartan 25.7 mg
11123K,2023-10-01,26954,5182670.21,192.27833382800327,SACUBITRIL + VALSARTAN,Tablet containing sacubitril 24.3 mg with valsartan 25.7 mg
11123K,2023-11-01,27279,5242789.39,192.19140694306975,SACUBITRIL + VALSARTAN,Tablet containing sacubitril 24.3 mg with valsartan 25.7 mg
11123K,2023-12-01,29437,5658621.21,192.22818935353467,SACUBITRIL + VALSARTAN,Tablet containing sacubitril 24.3 mg with valsartan 25.7 mg
11123K,2024-01-01,24143,4641208.11,192.2382516671499,SACUBITRIL + VALSARTAN,Tablet containing sacubitril 24.3 mg with valsartan 25.7 mg
11123K,2024-02-01,24954,4797275.34,192.24474392882905,SACUBITRIL + VALSARTAN,Tablet containing sacubitril 24.3 mg with valsartan 25.7 mg
11123K,2024-03-01,25781,4956889.91,192.26910942166714,SACUBITRIL + VALSARTAN,Tablet containing sacubitril 24.3 mg with valsartan 25.7 mg
11123K,2024-04-01,26606,5113607.4399999995,192.19752837705778,SACUBITRIL + VALSARTAN,Tablet containing sacubitril 24.3 mg with valsartan 25.7 mg
11123K,2024-05-01,28153,5409275.59,192.13851419031718,SACUBITRIL + VALSARTAN,Tablet containing sacubitril 24.3 mg with valsartan 25.7 mg
11123K,2024-06-01,25719,4941943.97,192.15148217271278,SACUBITRIL + VALSARTAN,Tablet containing sacubitril 24.3 mg with valsartan 25.7 mg
11123K,2024-07-01,28244,5439540.66,192.59101614502197,SACUBITRIL + VALSARTAN,Tablet containing sacubitril 24.3 mg with valsartan 25.7 mg
11123K,2024-08-01,27672,5330240.77,192.62217295461113,SACUBITRIL + VALSARTAN,Tablet containing sacubitril 24.3 mg with valsartan 25.7 mg
11123K,2024-09-01,27002,5200043.7700000005,192.5799485223317,SACUBITRIL + VALSARTAN,Tablet containing sacubitril 24.3 mg with valsartan 25.7 mg
11123K,2024-10-01,29024,5589708.609999999,192.5891886025358,SACUBITRIL + VALSARTAN,Tablet containing sacubitril 24.3 mg with valsartan 25.7 mg
11123K,2024-11-01,27980,5387004.89,192.5305536097212,SACUBITRIL + VALSARTAN,Tablet containing sacubitril 24.3 mg with valsartan 25.7 mg
11123K,2024-12-01,31677,6097988.48,192.50523976386654,SACUBITRIL + VALSARTAN,Tablet containing sacubitril 24.3 mg with valsartan 25.7 mg
11123K,2025-01-01,25158,4843585.39,192.5266471897607,SACUBITRIL + VALSARTAN,Tablet containing sacubitril 24.3 mg with valsartan 25.7 mg
11123K,2025-02-01,25190,4850240.71,192.54627669710203,SACUBITRIL + VALSARTAN,Tablet containing sacubitril 24.3 mg with valsartan 25.7 mg
11123K,2025-03-01,30407,5853710.51,192.51193836945438,SACUBITRIL + VALSARTAN,Tablet containing sacubitril 24.3 mg with valsartan 25.7 mg
11123K,2025-04-01,26186,2624634.65,100.23045329565416,SACUBITRIL + VALSARTAN,Tablet containing sacubitril 24.3 mg with valsartan 25.7 mg
11123K,2025-05-01,28762,2881392.9600000004,100.18054933592937,SACUBITRIL + VALSARTAN,Tablet containing sacubitril 24.3 mg with valsartan 25.7 mg
11123K,2025-06-01,27559,2762479.87,100.23875576036866,SACUBITRIL + VALSARTAN,Tablet containing sacubitril 24.3 mg with valsartan 25.7 mg
11123K,2025-07-01,29921,3008590.0,100.55111794391898,SACUBITRIL + VALSARTAN,Tablet containing sacubitril 24.3 mg with valsartan 25.7 mg
11123K,2025-08-01,28682,2883427.67,100.53091381354159,SACUBITRIL + VALSARTAN,Tablet containing sacubitril 24.3 mg with valsartan 25.7 mg
11123K,2025-09-01,29640,2980674.29,100.56256039136302,SACUBITRIL + VALSARTAN,Tablet containing sacubitril 24.3 mg with valsartan 25.7 mg
11123K,2025-10-01,31071,3123828.74,100.53840365614239,SACUBITRIL + VALSARTAN,Tablet containing sacubitril 24.3 mg with valsartan 25.7 mg
11123K,2025-11-01,29401,2956699.89,100.5646029046631,SACUBITRIL + VALSARTAN,Tablet containing sacubitril 24.3 mg with valsartan 25.7 mg
11123K,2025-12-01,35173,3536308.0799999996,100.54041679697494,SACUBITRIL + VALSARTAN,Tablet containing sacubitril 24.3 mg with valsartan 25.7 mg
11123K,2026-01-01,26731,2687937.76,100.55507687703415,SACUBITRIL + VALSARTAN,Tablet containing sacubitril 24.3 mg with valsartan 25.7 mg
11123K,2026-02-01,27404,2755045.1,100.53441468398775,SACUBITRIL + VALSARTAN,Tablet containing sacubitril 24.3 mg with valsartan 25.7 mg
11123K,2026-03-01,31111,3127966.67,100.5421449005175,SACUBITRIL + VALSARTAN,Tablet containing sacubitril 24.3 mg with valsartan 25.7 mg
11123K,2026-04-01,29568,2972660.03,100.53639170725107,SACUBITRIL + VALSARTAN,Tablet containing sacubitril 24.3 mg with valsartan 25.7 mg
11123K,2026-05-01,30511,3067063.79,100.52321425059814,SACUBITRIL + VALSARTAN,Tablet containing sacubitril 24.3 mg with valsartan 25.7 mg
11123K,2026-06-01,30890,3104970.88,100.51702427970217,SACUBITRIL + VALSARTAN,Tablet containing sacubitril 24.3 mg with valsartan 25.7 mg
11131W,2022-07-01,16208,3294951.06,203.29164980256664,SACUBITRIL + VALSARTAN,Tablet containing sacubitril 48.6 mg with valsartan 51.4 mg
11131W,2022-08-01,17326,3523252.2399999998,203.35058524760476,SACUBITRIL + VALSARTAN,Tablet containing sacubitril 48.6 mg with valsartan 51.4 mg
11131W,2022-09-01,16987,3453705.04,203.31459586742804,SACUBITRIL + VALSARTAN,Tablet containing sacubitril 48.6 mg with valsartan 51.4 mg
11131W,2022-10-01,17421,3335407.09,191.45899144710407,SACUBITRIL + VALSARTAN,Tablet containing sacubitril 48.6 mg with valsartan 51.4 mg
11131W,2022-11-01,17802,3410596.42,191.5850140433659,SACUBITRIL + VALSARTAN,Tablet containing sacubitril 48.6 mg with valsartan 51.4 mg
11131W,2022-12-01,20129,3856303.26,191.57947538377465,SACUBITRIL + VALSARTAN,Tablet containing sacubitril 48.6 mg with valsartan 51.4 mg
11131W,2023-01-01,15845,3034352.56,191.5022126853897,SACUBITRIL + VALSARTAN,Tablet containing sacubitril 48.6 mg with valsartan 51.4 mg
11131W,2023-02-01,16450,3150111.1199999996,191.4961167173252,SACUBITRIL + VALSARTAN,Tablet containing sacubitril 48.6 mg with valsartan 51.4 mg
11131W,2023-03-01,18923,3625066.17,191.56931617608203,SACUBITRIL + VALSARTAN,Tablet containing sacubitril 48.6 mg with valsartan 51.4 mg
11131W,2023-04-01,17681,3386279.48,191.5208121712573,SACUBITRIL + VALSARTAN,Tablet containing sacubitril 48.6 mg with valsartan 51.4 mg
11131W,2023-05-01,19711,3775253.78,191.53030186190452,SACUBITRIL + VALSARTAN,Tablet containing sacubitril 48.6 mg with valsartan 51.4 mg
11131W,2023-06-01,19243,3684673.4299999997,191.4812362937172,SACUBITRIL + VALSARTAN,Tablet containing sacubitril 48.6 mg with valsartan 51.4 mg
11131W,2023-07-01,19590,3768383.06,192.36258601327208,SACUBITRIL + VALSARTAN,Tablet containing sacubitril 48.6 mg with valsartan 51.4 mg
11131W,2023-08-01,20666,3973365.33,192.26581486499566,SACUBITRIL + VALSARTAN,Tablet containing sacubitril 48.6 mg with valsartan 51.4 mg
11131W,2023-09-01,19665,3781578.75,192.29996186117467,SACUBITRIL + VALSARTAN,Tablet containing sacubitril 48.6 mg with valsartan 51.4 mg
11131W,2023-10-01,20145,3872714.95,192.2419930503847,SACUBITRIL + VALSARTAN,Tablet containing sacubitril 48.6 mg with valsartan 51.4 mg
11131W,2023-11-01,20100,3865369.01,192.306915920398,SACUBITRIL + VALSARTAN,Tablet containing sacubitril 48.6 mg with valsartan 51.4 mg
11131W,2023-12-01,21517,4138382.5100000002,192.33083190035788,SACUBITRIL + VALSARTAN,Tablet containing sacubitril 48.6 mg with valsartan 51.4 mg
11131W,2024-01-01,17251,3316894.86,192.27261376152106,SACUBITRIL + VALSARTAN,Tablet containing sacubitril 48.6 mg with valsartan 51.4 mg
11131W,2024-02-01,17910,3443911.6500000004,192.28987437185933,SACUBITRIL + VALSARTAN,Tablet containing sacubitril 48.6 mg with valsartan 51.4 mg
11131W,2024-03-01,18244,3507237.6199999996,192.24060622670464,SACUBITRIL + VALSARTAN,Tablet containing sacubitril 48.6 mg with valsartan 51.4 mg
11131W,2024-04-01,18520,3559100.95,192.1760772138229,SACUBITRIL + VALSARTAN,Tablet containing sacubitril 48.6 mg with valsartan 51.4 mg
11131W,2024-05-01,19569,3759635.73,192.12201594358424,SACUBITRIL + VALSARTAN,Tablet containing sacubitril 48.6 mg with valsartan 51.4 mg
11131W,2024-06-01,17808,3422973.92,192.21551662174303,SACUBITRIL + VALSARTAN,Tablet containing sacubitril 48.6 mg with valsartan 51.4 mg
11131W,2024-07-01,19397,3737141.2600000002,192.66594112491623,SACUBITRIL + VALSARTAN,Tablet containing sacubitril 48.6 mg with valsartan 51.4 mg
11131W,2024-08-01,19136,3688827.87,192.76901494565217,SACUBITRIL + VALSARTAN,Tablet containing sacubitril 48.6 mg with valsartan 51.4 mg
11131W,2024-09-01,18372,3539818.64,192.6746483779665,SACUBITRIL + VALSARTAN,Tablet containing sacubitril 48.6 mg with valsartan 51.4 mg
11131W,2024-10-01,19627,3782816.22,192.73532480766292,SACUBITRIL + VALSARTAN,Tablet containing sacubitril 48.6 mg with valsartan 51.4 mg
11131W,2024-11-01,18961,3653127.1599999997,192.66532144929064,SACUBITRIL + VALSARTAN,Tablet containing sacubitril 48.6 mg with valsartan 51.4 mg
11131W,2024-12-01,21038,4052767.7,192.6403507938017,SACUBITRIL + VALSARTAN,Tablet containing sacubitril 48.6 mg with valsartan 51.4 mg
11131W,2025-01-01,16696,3216639.3899999997,192.65928306181118,SACUBITRIL + VALSARTAN,Tablet containing sacubitril 48.6 mg with valsartan 51.4 mg
11131W,2025-02-01,16662,3210655.88,192.69330692593925,SACUBITRIL + VALSARTAN,Tablet containing sacubitril 48.6 mg with valsartan 51.4 mg
11131W,2025-03-01,19720,3798063.6300000004,192.59957555780935,SACUBITRIL + VALSARTAN,Tablet containing sacubitril 48.6 mg with valsartan 51.4 mg
11131W,2025-04-01,17230,1727674.7700000003,100.27131572838074,SACUBITRIL + VALSARTAN,Tablet containing sacubitril 48.6 mg with valsartan 51.4 mg
11131W,2025-05-01,18475,1850960.54,100.18730933694181,SACUBITRIL + VALSARTAN,Tablet containing sacubitril 48.6 mg with valsartan 51.4 mg
11131W,2025-06-01,17760,1781352.0,100.30135135135136,SACUBITRIL + VALSARTAN,Tablet containing sacubitril 48.6 mg with valsartan 51.4 mg
11131W,2025-07-01,19065,1918394.89,100.6239124049305,SACUBITRIL + VALSARTAN,Tablet containing sacubitril 48.6 mg with valsartan 51.4 mg
11131W,2025-08-01,18546,1865328.75,100.57849401488191,SACUBITRIL + VALSARTAN,Tablet containing sacubitril 48.6 mg with valsartan 51.4 mg
11131W,2025-09-01,18729,1883463.7,100.5640290458647,SACUBITRIL + VALSARTAN,Tablet containing sacubitril 48.6 mg with valsartan 51.4 mg
11131W,2025-10-01,19558,1967102.01,100.57787145924941,SACUBITRIL + VALSARTAN,Tablet containing sacubitril 48.6 mg with valsartan 51.4 mg
11131W,2025-11-01,18518,1862550.28,100.5805313748785,SACUBITRIL + VALSARTAN,Tablet containing sacubitril 48.6 mg with valsartan 51.4 mg
11131W,2025-12-01,21742,2187279.69,100.60158633060436,SACUBITRIL + VALSARTAN,Tablet containing sacubitril 48.6 mg with valsartan 51.4 mg
11131W,2026-01-01,16673,1677317.9200000002,100.6008468781863,SACUBITRIL + VALSARTAN,Tablet containing sacubitril 48.6 mg with valsartan 51.4 mg
11131W,2026-02-01,16826,1692476.9900000002,100.58700760727447,SACUBITRIL + VALSARTAN,Tablet containing sacubitril 48.6 mg with valsartan 51.4 mg
11131W,2026-03-01,19107,1921616.52,100.57133615952269,SACUBITRIL + VALSARTAN,Tablet containing sacubitril 48.6 mg with valsartan 51.4 mg
11131W,2026-04-01,18104,1821093.4999999998,100.59067057003976,SACUBITRIL + VALSARTAN,Tablet containing sacubitril 48.6 mg with valsartan 51.4 mg
11131W,2026-05-01,18829,1892786.98,100.52509320728663,SACUBITRIL + VALSARTAN,Tablet containing sacubitril 48.6 mg with valsartan 51.4 mg
11131W,2026-06-01,19000,1910659.76,100.56104,SACUBITRIL + VALSARTAN,Tablet containing sacubitril 48.6 mg with valsartan 51.4 mg
11440D,2022-07-01,7023,891815.76,126.9850149508757,GUANFACINE,Tablet 3 mg (as hydrochloride)
11440D,2022-08-01,7535,958334.88,127.18445653616456,GUANFACINE,Tablet 3 mg (as hydrochloride)
11440D,2022-09-01,7310,931544.1,127.43421340629274,GUANFACINE,Tablet 3 mg (as hydrochloride)
11440D,2022-10-01,7483,952282.02,127.25939061873581,GUANFACINE,Tablet 3 mg (as hydrochloride)
11440D,2022-11-01,7880,1003147.78,127.30301776649746,GUANFACINE,Tablet 3 mg (as hydrochloride)
11440D,2022-12-01,8311,1058376.67,127.34648899049452,GUANFACINE,Tablet 3 mg (as hydrochloride)
11440D,2023-01-01,7434,945152.77,127.13919424266882,GUANFACINE,Tablet 3 mg (as hydrochloride)
11440D,2023-02-01,7557,961240.44,127.19868201667327,GUANFACINE,Tablet 3 mg (as hydrochloride)
11440D,2023-03-01,8672,1102580.6600000001,127.14260378228784,GUANFACINE,Tablet 3 mg (as hydrochloride)
11440D,2023-04-01,8075,1028524.71,127.37148111455107,GUANFACINE,Tablet 3 mg (as hydrochloride)
11440D,2023-05-01,8876,1129277.5,127.22819963947724,GUANFACINE,Tablet 3 mg (as hydrochloride)
11440D,2023-06-01,8857,1126193.42,127.15292085356215,GUANFACINE,Tablet 3 mg (as hydrochloride)
11440D,2023-07-01,9084,1162238.04,127.9434214002642,GUANFACINE,Tablet 3 mg (as hydrochloride)
11440D,2023-08-01,9619,1232650.49,128.1474675122154,GUANFACINE,Tablet 3 mg (as hydrochloride)
11440D,2023-09-01,9681,1239414.11,128.02542196054128,GUANFACINE,Tablet 3 mg (as hydrochloride)
11440D,2023-10-01,9312,637834.12,68.4959321305842,GUANFACINE,Tablet 3 mg (as hydrochloride)
11440D,2023-11-01,9721,666083.85,68.52009566916983,GUANFACINE,Tablet 3 mg (as hydrochloride)
11440D,2023-12-01,10254,701605.78,68.4226428710747,GUANFACINE,Tablet 3 mg (as hydrochloride)
11440D,2024-01-01,9507,651531.58,68.53177448196065,GUANFACINE,Tablet 3 mg (as hydrochloride)
11440D,2024-02-01,9495,650255.98,68.48404212743549,GUANFACINE,Tablet 3 mg (as hydrochloride)
11440D,2024-03-01,10237,701763.16,68.55164208264141,GUANFACINE,Tablet 3 mg (as hydrochloride)
11440D,2024-04-01,10293,677479.22,65.81941319343242,GUANFACINE,Tablet 3 mg (as hydrochloride)
11440D,2024-05-01,10831,713119.96,65.84063890684148,GUANFACINE,Tablet 3 mg (as hydrochloride)
11440D,2024-06-01,10584,695921.5499999999,65.75222505668934,GUANFACINE,Tablet 3 mg (as hydrochloride)
11440D,2024-07-01,11181,741128.61,66.28464448618192,GUANFACINE,Tablet 3 mg (as hydrochloride)
11440D,2024-08-01,11421,756084.28,66.2012328167411,GUANFACINE,Tablet 3 mg (as hydrochloride)
11440D,2024-09-01,11303,749031.07,66.26834203308856,GUANFACINE,Tablet 3 mg (as hydrochloride)
11440D,2024-10-01,11886,786992.15,66.2116902237927,GUANFACINE,Tablet 3 mg (as hydrochloride)
11440D,2024-11-01,11519,763128.21,66.24951905547356,GUANFACINE,Tablet 3 mg (as hydrochloride)
11440D,2024-12-01,12464,825327.6,66.21691270860077,GUANFACINE,Tablet 3 mg (as hydrochloride)
11440D,2025-01-01,11247,745022.9299999999,66.24192495776651,GUANFACINE,Tablet 3 mg (as hydrochloride)
11440D,2025-02-01,10970,725878.38,66.16940565177758,GUANFACINE,Tablet 3 mg (as hydrochloride)
11440D,2025-03-01,12357,817851.29,66.18526260419196,GUANFACINE,Tablet 3 mg (as hydrochloride)
11440D,2025-04-01,12107,800620.7899999999,66.12875113570661,GUANFACINE,Tablet 3 mg (as hydrochloride)
11440D,2025-05-01,12814,846935.01,66.09450678944904,GUANFACINE,Tablet 3 mg (as hydrochloride)
11440D,2025-06-01,12842,848440.47,66.06762731661735,GUANFACINE,Tablet 3 mg (as hydrochloride)
11440D,2025-07-01,13143,872118.3999999999,66.3561135205052,GUANFACINE,Tablet 3 mg (as hydrochloride)
11440D,2025-08-01,13489,896629.79,66.47118318629995,GUANFACINE,Tablet 3 mg (as hydrochloride)
11440D,2025-09-01,13435,893358.55,66.49486788239673,GUANFACINE,Tablet 3 mg (as hydrochloride)
11440D,2025-10-01,13945,926369.16,66.4302015059161,GUANFACINE,Tablet 3 mg (as hydrochloride)
11440D,2025-11-01,13483,895362.97,66.40680634873544,GUANFACINE,Tablet 3 mg (as hydrochloride)
11440D,2025-12-01,14936,990601.31,66.32306574718801,GUANFACINE,Tablet 3 mg (as hydrochloride)
11440D,2026-01-01,13313,883145.3899999999,66.33706827912566,GUANFACINE,Tablet 3 mg (as hydrochloride)
11440D,2026-02-01,12961,860272.37,66.37391945065967,GUANFACINE,Tablet 3 mg (as hydrochloride)
11440D,2026-03-01,15047,998140.0599999999,66.33482155911477,GUANFACINE,Tablet 3 mg (as hydrochloride)
11440D,2026-04-01,14157,939568.79,66.36778907960726,GUANFACINE,Tablet 3 mg (as hydrochloride)
11440D,2026-05-01,15021,997138.4700000001,66.38296185340523,GUANFACINE,Tablet 3 mg (as hydrochloride)
11440D,2026-06-01,15312,1015665.6,66.33134796238244,GUANFACINE,Tablet 3 mg (as hydrochloride)
11441E,2022-07-01,5075,639637.58,126.03696157635467,GUANFACINE,Tablet 4 mg (as hydrochloride)
11441E,2022-08-01,5490,691096.66,125.88281602914391,GUANFACINE,Tablet 4 mg (as hydrochloride)
11441E,2022-09-01,5251,661869.86,126.0464406779661,GUANFACINE,Tablet 4 mg (as hydrochloride)
11441E,2022-10-01,5430,684136.04,125.99190423572745,GUANFACINE,Tablet 4 mg (as hydrochloride)
11441E,2022-11-01,5654,713084.47,126.12035196321187,GUANFACINE,Tablet 4 mg (as hydrochloride)
11441E,2022-12-01,6035,760949.65,126.08942004971003,GUANFACINE,Tablet 4 mg (as hydrochloride)
11441E,2023-01-01,5267,663816.64,126.03315739510158,GUANFACINE,Tablet 4 mg (as hydrochloride)
11441E,2023-02-01,5425,684039.62,126.09025253456221,GUANFACINE,Tablet 4 mg (as hydrochloride)
11441E,2023-03-01,6192,779952.76,125.96136304909561,GUANFACINE,Tablet 4 mg (as hydrochloride)
11441E,2023-04-01,5750,724641.3999999999,126.02459130434781,GUANFACINE,Tablet 4 mg (as hydrochloride)
11441E,2023-05-01,6526,822195.06,125.98759730309531,GUANFACINE,Tablet 4 mg (as hydrochloride)
11441E,2023-06-01,6360,800587.76,125.8785786163522,GUANFACINE,Tablet 4 mg (as hydrochloride)
11441E,2023-07-01,6550,831670.8400000001,126.97264732824429,GUANFACINE,Tablet 4 mg (as hydrochloride)
11441E,2023-08-01,6956,882606.73,126.88423375503163,GUANFACINE,Tablet 4 mg (as hydrochloride)
11441E,2023-09-01,7148,906619.3400000001,126.83538612199217,GUANFACINE,Tablet 4 mg (as hydrochloride)
11441E,2023-10-01,6885,467155.48,67.85119535221496,GUANFACINE,Tablet 4 mg (as hydrochloride)
11441E,2023-11-01,7030,476511.54,67.78258036984353,GUANFACINE,Tablet 4 mg (as hydrochloride)
11441E,2023-12-01,7366,500049.85000000003,67.88621368449634,GUANFACINE,Tablet 4 mg (as hydrochloride)
11441E,2024-01-01,6917,469034.91000000003,67.80900824056673,GUANFACINE,Tablet 4 mg (as hydrochloride)
11441E,2024-02-01,6928,469753.95,67.80513135103926,GUANFACINE,Tablet 4 mg (as hydrochloride)
11441E,2024-03-01,7374,499617.06,67.75387306753458,GUANFACINE,Tablet 4 mg (as hydrochloride)
11441E,2024-04-01,7424,482916.71,65.04804822198277,GUANFACINE,Tablet 4 mg (as hydrochloride)
11441E,2024-05-01,7993,519649.68999999994,65.01309771049668,GUANFACINE,Tablet 4 mg (as hydrochloride)
11441E,2024-06-01,7608,494455.72,64.99155099894847,GUANFACINE,Tablet 4 mg (as hydrochloride)
11441E,2024-07-01,8189,536815.53,65.55324581756014,GUANFACINE,Tablet 4 mg (as hydrochloride)
11441E,2024-08-01,8299,543224.14,65.45657790095193,GUANFACINE,Tablet 4 mg (as hydrochloride)
11441E,2024-09-01,8378,548939.65,65.52156242539986,GUANFACINE,Tablet 4 mg (as hydrochloride)
11441E,2024-10-01,8691,569179.22,65.49064779657117,GUANFACINE,Tablet 4 mg (as hydrochloride)
11441E,2024-11-01,8539,558857.25,65.44762267244408,GUANFACINE,Tablet 4 mg (as hydrochloride)
11441E,2024-12-01,9273,607017.4,65.46073546856465,GUANFACINE,Tablet 4 mg (as hydrochloride)
11441E,2025-01-01,8233,538933.48,65.46015790112959,GUANFACINE,Tablet 4 mg (as hydrochloride)
11441E,2025-02-01,8119,531397.11,65.45105431703412,GUANFACINE,Tablet 4 mg (as hydrochloride)
11441E,2025-03-01,9066,593580.78,65.47328259430842,GUANFACINE,Tablet 4 mg (as hydrochloride)
11441E,2025-04-01,8979,588125.5099999999,65.50011248468648,GUANFACINE,Tablet 4 mg (as hydrochloride)
11441E,2025-05-01,9444,618106.2,65.44961880559084,GUANFACINE,Tablet 4 mg (as hydrochloride)
11441E,2025-06-01,9416,616108.78,65.43211342395922,GUANFACINE,Tablet 4 mg (as hydrochloride)
11441E,2025-07-01,9852,648296.5800000001,65.80355054811207,GUANFACINE,Tablet 4 mg (as hydrochloride)
11441E,2025-08-01,9773,643490.34,65.8436856645861,GUANFACINE,Tablet 4 mg (as hydrochloride)
11441E,2025-09-01,9936,654025.32,65.82380434782608,GUANFACINE,Tablet 4 mg (as hydrochloride)
11441E,2025-10-01,10169,669351.91,65.82278591798604,GUANFACINE,Tablet 4 mg (as hydrochloride)
11441E,2025-11-01,10049,661410.01,65.81849039705443,GUANFACINE,Tablet 4 mg (as hydrochloride)
11441E,2025-12-01,11205,737515.1,65.82017849174476,GUANFACINE,Tablet 4 mg (as hydrochloride)
11441E,2026-01-01,9726,640449.5499999999,65.84922373020768,GUANFACINE,Tablet 4 mg (as hydrochloride)
11441E,2026-02-01,9550,628862.09,65.8494335078534,GUANFACINE,Tablet 4 mg (as hydrochloride)
11441E,2026-03-01,11065,728132.81,65.8050438319024,GUANFACINE,Tablet 4 mg (as hydrochloride)
11441E,2026-04-01,10623,699347.21,65.833306034077,GUANFACINE,Tablet 4 mg (as hydrochloride)
11441E,2026-05-01,11133,733072.8099999999,65.84683463576754,GUANFACINE,Tablet 4 mg (as hydrochloride)
11441E,2026-06-01,11362,747994.08,65.832958986094,GUANFACINE,Tablet 4 mg (as hydrochloride)
11451Q,2022-07-01,9487,1205010.5,127.01702329503532,GUANFACINE,Tablet 2 mg (as hydrochloride)
11451Q,2022-08-01,10447,1324981.62,126.82890973485212,GUANFACINE,Tablet 2 mg (as hydrochloride)
11451Q,2022-09-01,10142,1289006.6,127.09589824492211,GUANFACINE,Tablet 2 mg (as hydrochloride)
11451Q,2022-10-01,10670,1357542.1,127.22981255857546,GUANFACINE,Tablet 2 mg (as hydrochloride)
11451Q,2022-11-01,11101,1412430.07,127.23448968561391,GUANFACINE,Tablet 2 mg (as hydrochloride)
11451Q,2022-12-01,11608,1475414.0799999998,127.1032115782219,GUANFACINE,Tablet 2 mg (as hydrochloride)
11451Q,2023-01-01,10471,1332470.76,127.25343902206093,GUANFACINE,Tablet 2 mg (as hydrochloride)
11451Q,2023-02-01,10696,1360339.81,127.18210639491399,GUANFACINE,Tablet 2 mg (as hydrochloride)
11451Q,2023-03-01,12182,1550682.8599999999,127.2929617468396,GUANFACINE,Tablet 2 mg (as hydrochloride)
11451Q,2023-04-01,11358,1448065.8900000001,127.4930348652932,GUANFACINE,Tablet 2 mg (as hydrochloride)
11451Q,2023-05-01,12765,1624284.02,127.245124951038,GUANFACINE,Tablet 2 mg (as hydrochloride)
11451Q,2023-06-01,12677,1614511.3399999999,127.35752465094264,GUANFACINE,Tablet 2 mg (as hydrochloride)
11451Q,2023-07-01,12917,1655042.21,128.12899357435936,GUANFACINE,Tablet 2 mg (as hydrochloride)
11451Q,2023-08-01,13807,1768488.19,128.08634678061853,GUANFACINE,Tablet 2 mg (as hydrochloride)
11451Q,2023-09-01,14053,1802808.88,128.28640717284566,GUANFACINE,Tablet 2 mg (as hydrochloride)
11451Q,2023-10-01,13791,944409.28,68.4801160176927,GUANFACINE,Tablet 2 mg (as hydrochloride)
11451Q,2023-11-01,14151,970346.9099999999,68.57090735637057,GUANFACINE,Tablet 2 mg (as hydrochloride)
11451Q,2023-12-01,14790,1014872.28,68.6188154158215,GUANFACINE,Tablet 2 mg (as hydrochloride)
11451Q,2024-01-01,13761,944464.37,68.63341108931037,GUANFACINE,Tablet 2 mg (as hydrochloride)
11451Q,2024-02-01,13917,955547.95,68.66048358123159,GUANFACINE,Tablet 2 mg (as hydrochloride)
11451Q,2024-03-01,15010,1030687.62,68.66673017988008,GUANFACINE,Tablet 2 mg (as hydrochloride)
11451Q,2024-04-01,14771,974814.59,65.99516552704624,GUANFACINE,Tablet 2 mg (as hydrochloride)
11451Q,2024-05-01,16046,1056857.79,65.86425215006855,GUANFACINE,Tablet 2 mg (as hydrochloride)
11451Q,2024-06-01,15462,1018612.7999999999,65.87846332945284,GUANFACINE,Tablet 2 mg (as hydrochloride)
11451Q,2024-07-01,16393,1088896.9300000002,66.42450619166719,GUANFACINE,Tablet 2 mg (as hydrochloride)
11451Q,2024-08-01,16765,1112660.92,66.36808350730689,GUANFACINE,Tablet 2 mg (as hydrochloride)
11451Q,2024-09-01,16654,1104871.31,66.34269905127897,GUANFACINE,Tablet 2 mg (as hydrochloride)
11451Q,2024-10-01,17772,1178948.3800000001,66.3374060319604,GUANFACINE,Tablet 2 mg (as hydrochloride)
11451Q,2024-11-01,17416,1154408.13,66.28434370693614,GUANFACINE,Tablet 2 mg (as hydrochloride)
11451Q,2024-12-01,18584,1233607.58,66.38008932414981,GUANFACINE,Tablet 2 mg (as hydrochloride)
11451Q,2025-01-01,17037,1130310.95,66.3444825967013,GUANFACINE,Tablet 2 mg (as hydrochloride)
11451Q,2025-02-01,16786,1112977.1500000001,66.30389312522341,GUANFACINE,Tablet 2 mg (as hydrochloride)
11451Q,2025-03-01,18993,1259439.63,66.31072658347811,GUANFACINE,Tablet 2 mg (as hydrochloride)
11451Q,2025-04-01,18703,1240343.4400000002,66.31788697000482,GUANFACINE,Tablet 2 mg (as hydrochloride)
11451Q,2025-05-01,19836,1316185.89,66.35339231699939,GUANFACINE,Tablet 2 mg (as hydrochloride)
11451Q,2025-06-01,19709,1306380.6099999999,66.28345476685777,GUANFACINE,Tablet 2 mg (as hydrochloride)
11451Q,2025-07-01,20702,1379464.47,66.63435754999517,GUANFACINE,Tablet 2 mg (as hydrochloride)
11451Q,2025-08-01,20781,1383984.78,66.59856503536885,GUANFACINE,Tablet 2 mg (as hydrochloride)
11451Q,2025-09-01,20963,1396863.3,66.63470400228975,GUANFACINE,Tablet 2 mg (as hydrochloride)
11451Q,2025-10-01,21788,1453031.39,66.68952588580869,GUANFACINE,Tablet 2 mg (as hydrochloride)
11451Q,2025-11-01,21155,1410382.68,66.66899929094777,GUANFACINE,Tablet 2 mg (as hydrochloride)
11451Q,2025-12-01,23143,1542930.37,66.66941926284406,GUANFACINE,Tablet 2 mg (as hydrochloride)
11451Q,2026-01-01,20687,1379594.93,66.68898003577125,GUANFACINE,Tablet 2 mg (as hydrochloride)
11451Q,2026-02-01,20515,1368146.66,66.69006385571532,GUANFACINE,Tablet 2 mg (as hydrochloride)
11451Q,2026-03-01,23694,1579577.7,66.66572550012661,GUANFACINE,Tablet 2 mg (as hydrochloride)
11451Q,2026-04-01,22581,1504821.73,66.64105796908906,GUANFACINE,Tablet 2 mg (as hydrochloride)
11451Q,2026-05-01,23852,1590124.78,66.66630806640953,GUANFACINE,Tablet 2 mg (as hydrochloride)
11451Q,2026-06-01,24601,1639029.9,66.62452339335799,GUANFACINE,Tablet 2 mg (as hydrochloride)
11452R,2022-07-01,8111,1043015.77,128.59274688694367,GUANFACINE,Tablet 1 mg (as hydrochloride)
11452R,2022-08-01,9109,1169493.74,128.38881765287078,GUANFACINE,Tablet 1 mg (as hydrochloride)
11452R,2022-09-01,8729,1121415.9200000002,128.47014778325126,GUANFACINE,Tablet 1 mg (as hydrochloride)
11452R,2022-10-01,9058,1164242.18,128.5319253698388,GUANFACINE,Tablet 1 mg (as hydrochloride)
11452R,2022-11-01,9421,1210393.02,128.4781891518947,GUANFACINE,Tablet 1 mg (as hydrochloride)
11452R,2022-12-01,9500,1223916.41,128.83330631578946,GUANFACINE,Tablet 1 mg (as hydrochloride)
11452R,2023-01-01,8372,1078160.52,128.78171524128047,GUANFACINE,Tablet 1 mg (as hydrochloride)
11452R,2023-02-01,8536,1096237.1099999999,128.42515346766635,GUANFACINE,Tablet 1 mg (as hydrochloride)
11452R,2023-03-01,10307,1325985.89,128.64906277287278,GUANFACINE,Tablet 1 mg (as hydrochloride)
11452R,2023-04-01,9541,1229419.46,128.8564573944031,GUANFACINE,Tablet 1 mg (as hydrochloride)
11452R,2023-05-01,10971,1408676.86,128.40004192872118,GUANFACINE,Tablet 1 mg (as hydrochloride)
11452R,2023-06-01,10862,1394561.24,128.38899281900203,GUANFACINE,Tablet 1 mg (as hydrochloride)
11452R,2023-07-01,10774,1393393.53,129.32926768145535,GUANFACINE,Tablet 1 mg (as hydrochloride)
11452R,2023-08-01,11792,1524613.1300000001,129.29215824287652,GUANFACINE,Tablet 1 mg (as hydrochloride)
11452R,2023-09-01,11995,1553480.04,129.51063276365153,GUANFACINE,Tablet 1 mg (as hydrochloride)
11452R,2023-10-01,11673,806784.22,69.11541334704017,GUANFACINE,Tablet 1 mg (as hydrochloride)
11452R,2023-11-01,12075,836287.3099999999,69.25774824016563,GUANFACINE,Tablet 1 mg (as hydrochloride)
11452R,2023-12-01,11975,831719.67,69.45466972860126,GUANFACINE,Tablet 1 mg (as hydrochloride)
11452R,2024-01-01,10792,748621.2,69.36816160118606,GUANFACINE,Tablet 1 mg (as hydrochloride)
11452R,2024-02-01,11494,797925.86,69.42107708369583,GUANFACINE,Tablet 1 mg (as hydrochloride)
11452R,2024-03-01,12233,848833.79,69.38884901495953,GUANFACINE,Tablet 1 mg (as hydrochloride)
11452R,2024-04-01,12208,811896.04,66.50524574049804,GUANFACINE,Tablet 1 mg (as hydrochloride)
11452R,2024-05-01,13376,889526.92,66.50171351674642,GUANFACINE,Tablet 1 mg (as hydrochloride)
11452R,2024-06-01,12813,852896.08,66.56490127214548,GUANFACINE,Tablet 1 mg (as hydrochloride)
11452R,2024-07-01,13699,918533.19,67.05111248996276,GUANFACINE,Tablet 1 mg (as hydrochloride)
11452R,2024-08-01,14285,955759.7999999999,66.90653132656632,GUANFACINE,Tablet 1 mg (as hydrochloride)
11452R,2024-09-01,14104,946504.63,67.1089499432785,GUANFACINE,Tablet 1 mg (as hydrochloride)
11452R,2024-10-01,14808,994243.8200000001,67.14234332793086,GUANFACINE,Tablet 1 mg (as hydrochloride)
11452R,2024-11-01,14907,1001530.79,67.18526799490172,GUANFACINE,Tablet 1 mg (as hydrochloride)
11452R,2024-12-01,15086,1013236.74,67.16404215829246,GUANFACINE,Tablet 1 mg (as hydrochloride)
11452R,2025-01-01,13758,922718.67,67.06779110335805,GUANFACINE,Tablet 1 mg (as hydrochloride)
11452R,2025-02-01,13915,932759.03,67.0326288178225,GUANFACINE,Tablet 1 mg (as hydrochloride)
11452R,2025-03-01,15844,1061825.49,67.01751388538248,GUANFACINE,Tablet 1 mg (as hydrochloride)
11452R,2025-04-01,15532,1039673.1,66.93749034251867,GUANFACINE,Tablet 1 mg (as hydrochloride)
11452R,2025-05-01,17087,1143791.48,66.93928015450342,GUANFACINE,Tablet 1 mg (as hydrochloride)
11452R,2025-06-01,16721,1118388.27,66.88525028407392,GUANFACINE,Tablet 1 mg (as hydrochloride)
11452R,2025-07-01,17083,1151186.94,67.3878674705848,GUANFACINE,Tablet 1 mg (as hydrochloride)
11452R,2025-08-01,17462,1172946.47,67.17137040430649,GUANFACINE,Tablet 1 mg (as hydrochloride)
11452R,2025-09-01,17250,1160612.89,67.28190666666666,GUANFACINE,Tablet 1 mg (as hydrochloride)
11452R,2025-10-01,18041,1211865.7200000002,67.17286846627128,GUANFACINE,Tablet 1 mg (as hydrochloride)
11452R,2025-11-01,17630,1186561.1199999999,67.30352353942143,GUANFACINE,Tablet 1 mg (as hydrochloride)
11452R,2025-12-01,18461,1243346.74,67.34991278912301,GUANFACINE,Tablet 1 mg (as hydrochloride)
11452R,2026-01-01,16670,1122648.5,67.34544091181763,GUANFACINE,Tablet 1 mg (as hydrochloride)
11452R,2026-02-01,17180,1157402.06,67.36915366705472,GUANFACINE,Tablet 1 mg (as hydrochloride)
11452R,2026-03-01,20086,1356275.1,67.52340436124665,GUANFACINE,Tablet 1 mg (as hydrochloride)
11452R,2026-04-01,18771,1264828.38,67.38204570880613,GUANFACINE,Tablet 1 mg (as hydrochloride)
11452R,2026-05-01,20363,1373470.86,67.44933752394049,GUANFACINE,Tablet 1 mg (as hydrochloride)
11452R,2026-06-01,21263,1433315.48,67.40890184828105,GUANFACINE,Tablet 1 mg (as hydrochloride)
